{
  "id": "/subscriptions/c2397ac1-f8a2-4424-bb35-dc8c93c1a3c7/resourceGroups/AZ300-RG/providers/Microsoft.Resources/deployments/microsoft.aks-20200606131025",
  "name": "microsoft.aks-20200606131025",
  "type": "Microsoft.Resources/deployments",
  "tags": {
    "primaryResourceId": "/subscriptions/c2397ac1-f8a2-4424-bb35-dc8c93c1a3c7/resourcegroups/AZ300-RG/providers/Microsoft.ContainerService/managedClusters/pvwKubernestesCluster",
    "marketplaceItemId": "microsoft.aks"
  },
  "properties": {
    "templateHash": "16731679056379824649",
    "parameters": {
      "resourceName": {
        "type": "String",
        "value": "pvwKubernestesCluster"
      },
      "location": {
        "type": "String",
        "value": "southindia"
      },
      "dnsPrefix": {
        "type": "String",
        "value": "pvwKubernestesCluster-dns"
      },
      "osDiskSizeGB": {
        "type": "Int",
        "value": 0
      },
      "kubernetesVersion": {
        "type": "String",
        "value": "1.15.11"
      },
      "networkPlugin": {
        "type": "String",
        "value": "kubenet"
      },
      "maxPods": {
        "type": "Int",
        "value": 30
      },
      "enableRBAC": {
        "type": "Bool",
        "value": false
      },
      "vmssNodePool": {
        "type": "Bool",
        "value": true
      },
      "windowsProfile": {
        "type": "Bool",
        "value": false
      },
      "servicePrincipalClientId": {
        "type": "SecureString"
      },
      "servicePrincipalClientSecret": {
        "type": "SecureString"
      },
      "enablePrivateCluster": {
        "type": "Bool",
        "value": false
      },
      "aadSessionKey": {
        "type": "SecureString"
      },
      "enableHttpApplicationRouting": {
        "type": "Bool",
        "value": false
      }
    },
    "mode": "Incremental",
    "debugSetting": {
      "detailLevel": "None"
    },
    "provisioningState": "Running",
    "timestamp": "2020-06-06T08:02:32.2814723Z",
    "duration": "PT7.6758146S",
    "correlationId": "659c3e44-55e3-4322-aa9f-546db4214060",
    "providers": [
      {
        "namespace": "Microsoft.ContainerService",
        "resourceTypes": [
          {
            "resourceType": "managedClusters",
            "locations": [
              "southindia"
            ]
          }
        ]
      }
    ],
    "dependencies": [],
    "validationLevel": "Template"
  }
}