{
  "id": "/subscriptions/c2397ac1-f8a2-4424-bb35-dc8c93c1a3c7/resourceGroups/AZ300-RG/providers/Microsoft.Resources/deployments/CreateVm-MicrosoftWindowsServer.WindowsServer-201-20200528101120",
  "name": "CreateVm-MicrosoftWindowsServer.WindowsServer-201-20200528101120",
  "type": "Microsoft.Resources/deployments",
  "tags": {
    "primaryResourceId": "/subscriptions/c2397ac1-f8a2-4424-bb35-dc8c93c1a3c7/resourcegroups/AZ300-RG/providers/Microsoft.Compute/virtualMachines/MyVM",
    "marketplaceItemId": "Microsoft.VirtualMachine",
    "provisioningHash": "SolutionProvider"
  },
  "properties": {
    "templateHash": "10559078144862883056",
    "parameters": {
      "location": {
        "type": "String",
        "value": "westindia"
      },
      "networkInterfaceName": {
        "type": "String",
        "value": "myvm632"
      },
      "networkSecurityGroupName": {
        "type": "String",
        "value": "MyVM-nsg"
      },
      "networkSecurityGroupRules": {
        "type": "Array",
        "value": [
          {
            "name": "RDP",
            "properties": {
              "priority": 300,
              "protocol": "TCP",
              "access": "Allow",
              "direction": "Inbound",
              "sourceAddressPrefix": "*",
              "sourcePortRange": "*",
              "destinationAddressPrefix": "*",
              "destinationPortRange": "3389"
            }
          }
        ]
      },
      "subnetName": {
        "type": "String",
        "value": "default"
      },
      "virtualNetworkName": {
        "type": "String",
        "value": "AZ300-RG-vnet"
      },
      "addressPrefixes": {
        "type": "Array",
        "value": [
          "10.0.0.0/24"
        ]
      },
      "subnets": {
        "type": "Array",
        "value": [
          {
            "name": "default",
            "properties": {
              "addressPrefix": "10.0.0.0/24"
            }
          }
        ]
      },
      "publicIpAddressName": {
        "type": "String",
        "value": "MyVM-ip"
      },
      "publicIpAddressType": {
        "type": "String",
        "value": "Dynamic"
      },
      "publicIpAddressSku": {
        "type": "String",
        "value": "Basic"
      },
      "virtualMachineName": {
        "type": "String",
        "value": "MyVM"
      },
      "virtualMachineRG": {
        "type": "String",
        "value": "AZ300-RG"
      },
      "osDiskType": {
        "type": "String",
        "value": "StandardSSD_LRS"
      },
      "virtualMachineSize": {
        "type": "String",
        "value": "Standard_D1_v2"
      },
      "adminUsername": {
        "type": "String",
        "value": "PrashantWalunj"
      },
      "adminPassword": {
        "type": "SecureString"
      },
      "diagnosticsStorageAccountName": {
        "type": "String",
        "value": "az300rgdiag433"
      },
      "diagnosticsStorageAccountId": {
        "type": "String",
        "value": "Microsoft.Storage/storageAccounts/az300rgdiag433"
      },
      "diagnosticsStorageAccountType": {
        "type": "String",
        "value": "Standard_LRS"
      },
      "diagnosticsStorageAccountKind": {
        "type": "String",
        "value": "Storage"
      }
    },
    "mode": "Incremental",
    "debugSetting": {
      "detailLevel": "None"
    },
    "provisioningState": "Succeeded",
    "timestamp": "2020-05-28T04:45:52.2555666Z",
    "duration": "PT2M3.4218325S",
    "correlationId": "072ca307-252a-4fd9-8a3a-d3a8d8cd7b5b",
    "providers": [
      {
        "namespace": "Microsoft.Network",
        "resourceTypes": [
          {
            "resourceType": "networkInterfaces",
            "locations": [
              "westindia"
            ]
          },
          {
            "resourceType": "networkSecurityGroups",
            "locations": [
              "westindia"
            ]
          },
          {
            "resourceType": "virtualNetworks",
            "locations": [
              "westindia"
            ]
          },
          {
            "resourceType": "publicIpAddresses",
            "locations": [
              "westindia"
            ]
          }
        ]
      },
      {
        "namespace": "Microsoft.Compute",
        "resourceTypes": [
          {
            "resourceType": "virtualMachines",
            "locations": [
              "westindia"
            ]
          }
        ]
      },
      {
        "namespace": "Microsoft.Storage",
        "resourceTypes": [
          {
            "resourceType": "storageAccounts",
            "locations": [
              "westindia"
            ]
          }
        ]
      }
    ],
    "dependencies": [
      {
        "dependsOn": [
          {
            "id": "/subscriptions/c2397ac1-f8a2-4424-bb35-dc8c93c1a3c7/resourceGroups/AZ300-RG/providers/Microsoft.Network/networkSecurityGroups/MyVM-nsg",
            "resourceType": "Microsoft.Network/networkSecurityGroups",
            "resourceName": "MyVM-nsg"
          },
          {
            "id": "/subscriptions/c2397ac1-f8a2-4424-bb35-dc8c93c1a3c7/resourceGroups/AZ300-RG/providers/Microsoft.Network/virtualNetworks/AZ300-RG-vnet",
            "resourceType": "Microsoft.Network/virtualNetworks",
            "resourceName": "AZ300-RG-vnet"
          },
          {
            "id": "/subscriptions/c2397ac1-f8a2-4424-bb35-dc8c93c1a3c7/resourceGroups/AZ300-RG/providers/Microsoft.Network/publicIpAddresses/MyVM-ip",
            "resourceType": "Microsoft.Network/publicIpAddresses",
            "resourceName": "MyVM-ip"
          }
        ],
        "id": "/subscriptions/c2397ac1-f8a2-4424-bb35-dc8c93c1a3c7/resourceGroups/AZ300-RG/providers/Microsoft.Network/networkInterfaces/myvm632",
        "resourceType": "Microsoft.Network/networkInterfaces",
        "resourceName": "myvm632"
      },
      {
        "dependsOn": [
          {
            "id": "/subscriptions/c2397ac1-f8a2-4424-bb35-dc8c93c1a3c7/resourceGroups/AZ300-RG/providers/Microsoft.Network/networkInterfaces/myvm632",
            "resourceType": "Microsoft.Network/networkInterfaces",
            "resourceName": "myvm632"
          },
          {
            "id": "/subscriptions/c2397ac1-f8a2-4424-bb35-dc8c93c1a3c7/resourceGroups/AZ300-RG/providers/Microsoft.Storage/storageAccounts/az300rgdiag433",
            "resourceType": "Microsoft.Storage/storageAccounts",
            "resourceName": "az300rgdiag433"
          }
        ],
        "id": "/subscriptions/c2397ac1-f8a2-4424-bb35-dc8c93c1a3c7/resourceGroups/AZ300-RG/providers/Microsoft.Compute/virtualMachines/MyVM",
        "resourceType": "Microsoft.Compute/virtualMachines",
        "resourceName": "MyVM"
      }
    ],
    "outputs": {
      "adminUsername": {
        "type": "String",
        "value": "PrashantWalunj"
      }
    },
    "outputResources": [
      {
        "id": "/subscriptions/c2397ac1-f8a2-4424-bb35-dc8c93c1a3c7/resourceGroups/AZ300-RG/providers/Microsoft.Compute/virtualMachines/MyVM"
      },
      {
        "id": "/subscriptions/c2397ac1-f8a2-4424-bb35-dc8c93c1a3c7/resourceGroups/AZ300-RG/providers/Microsoft.Network/networkInterfaces/myvm632"
      },
      {
        "id": "/subscriptions/c2397ac1-f8a2-4424-bb35-dc8c93c1a3c7/resourceGroups/AZ300-RG/providers/Microsoft.Network/networkSecurityGroups/MyVM-nsg"
      },
      {
        "id": "/subscriptions/c2397ac1-f8a2-4424-bb35-dc8c93c1a3c7/resourceGroups/AZ300-RG/providers/Microsoft.Network/publicIpAddresses/MyVM-ip"
      },
      {
        "id": "/subscriptions/c2397ac1-f8a2-4424-bb35-dc8c93c1a3c7/resourceGroups/AZ300-RG/providers/Microsoft.Network/virtualNetworks/AZ300-RG-vnet"
      },
      {
        "id": "/subscriptions/c2397ac1-f8a2-4424-bb35-dc8c93c1a3c7/resourceGroups/AZ300-RG/providers/Microsoft.Storage/storageAccounts/az300rgdiag433"
      }
    ],
    "validationLevel": "Template"
  }
}