[
  {
    "id": "/subscriptions/c2397ac1-f8a2-4424-bb35-dc8c93c1a3c7/resourceGroups/AZ300-RG/providers/Microsoft.Resources/deployments/CreateVm-MicrosoftWindowsServer.WindowsServer-201-20200528101120/operations/C1A0970B200067B1",
    "operationId": "C1A0970B200067B1",
    "properties": {
      "provisioningOperation": "Create",
      "provisioningState": "Succeeded",
      "timestamp": "2020-05-28T04:45:52.1066731Z",
      "duration": "PT1M40.8810635S",
      "trackingId": "93f6bebb-1527-4984-9353-106cb80ad745",
      "statusCode": "OK",
      "targetResource": {
        "id": "/subscriptions/c2397ac1-f8a2-4424-bb35-dc8c93c1a3c7/resourceGroups/AZ300-RG/providers/Microsoft.Compute/virtualMachines/MyVM",
        "resourceType": "Microsoft.Compute/virtualMachines",
        "resourceName": "MyVM"
      }
    }
  },
  {
    "id": "/subscriptions/c2397ac1-f8a2-4424-bb35-dc8c93c1a3c7/resourceGroups/AZ300-RG/providers/Microsoft.Resources/deployments/CreateVm-MicrosoftWindowsServer.WindowsServer-201-20200528101120/operations/2D70118EFE1944FC",
    "operationId": "2D70118EFE1944FC",
    "properties": {
      "provisioningOperation": "Create",
      "provisioningState": "Succeeded",
      "timestamp": "2020-05-28T04:43:52.8676101Z",
      "duration": "PT0.5829091S",
      "trackingId": "bcb41b47-97e0-43ec-94b8-631ff2e6519a",
      "statusCode": "Created",
      "targetResource": {
        "id": "/subscriptions/c2397ac1-f8a2-4424-bb35-dc8c93c1a3c7/resourceGroups/AZ300-RG/providers/Microsoft.Network/networkInterfaces/myvm632",
        "resourceType": "Microsoft.Network/networkInterfaces",
        "resourceName": "myvm632"
      }
    }
  },
  {
    "id": "/subscriptions/c2397ac1-f8a2-4424-bb35-dc8c93c1a3c7/resourceGroups/AZ300-RG/providers/Microsoft.Resources/deployments/CreateVm-MicrosoftWindowsServer.WindowsServer-201-20200528101120/operations/58C714E07ABEE9D6",
    "operationId": "58C714E07ABEE9D6",
    "properties": {
      "provisioningOperation": "Create",
      "provisioningState": "Succeeded",
      "timestamp": "2020-05-28T04:44:11.191006Z",
      "duration": "PT21.5084862S",
      "trackingId": "cc481ae9-217f-4f45-9ca1-715e07a289bb",
      "statusCode": "OK",
      "targetResource": {
        "id": "/subscriptions/c2397ac1-f8a2-4424-bb35-dc8c93c1a3c7/resourceGroups/AZ300-RG/providers/Microsoft.Storage/storageAccounts/az300rgdiag433",
        "resourceType": "Microsoft.Storage/storageAccounts",
        "resourceName": "az300rgdiag433"
      }
    }
  },
  {
    "id": "/subscriptions/c2397ac1-f8a2-4424-bb35-dc8c93c1a3c7/resourceGroups/AZ300-RG/providers/Microsoft.Resources/deployments/CreateVm-MicrosoftWindowsServer.WindowsServer-201-20200528101120/operations/BFCBEBADDD493862",
    "operationId": "BFCBEBADDD493862",
    "properties": {
      "provisioningOperation": "Create",
      "provisioningState": "Succeeded",
      "timestamp": "2020-05-28T04:43:51.908579Z",
      "duration": "PT2.2260592S",
      "trackingId": "3891948d-f9ff-4f1a-9396-ee7c6040381d",
      "statusCode": "OK",
      "targetResource": {
        "id": "/subscriptions/c2397ac1-f8a2-4424-bb35-dc8c93c1a3c7/resourceGroups/AZ300-RG/providers/Microsoft.Network/virtualNetworks/AZ300-RG-vnet",
        "resourceType": "Microsoft.Network/virtualNetworks",
        "resourceName": "AZ300-RG-vnet"
      }
    }
  },
  {
    "id": "/subscriptions/c2397ac1-f8a2-4424-bb35-dc8c93c1a3c7/resourceGroups/AZ300-RG/providers/Microsoft.Resources/deployments/CreateVm-MicrosoftWindowsServer.WindowsServer-201-20200528101120/operations/A3FC5A38F322C40F",
    "operationId": "A3FC5A38F322C40F",
    "properties": {
      "provisioningOperation": "Create",
      "provisioningState": "Succeeded",
      "timestamp": "2020-05-28T04:43:51.9774608Z",
      "duration": "PT2.294941S",
      "trackingId": "12b58e45-f912-4459-8c7a-a5dea6345be5",
      "statusCode": "OK",
      "targetResource": {
        "id": "/subscriptions/c2397ac1-f8a2-4424-bb35-dc8c93c1a3c7/resourceGroups/AZ300-RG/providers/Microsoft.Network/publicIpAddresses/MyVM-ip",
        "resourceType": "Microsoft.Network/publicIpAddresses",
        "resourceName": "MyVM-ip"
      }
    }
  },
  {
    "id": "/subscriptions/c2397ac1-f8a2-4424-bb35-dc8c93c1a3c7/resourceGroups/AZ300-RG/providers/Microsoft.Resources/deployments/CreateVm-MicrosoftWindowsServer.WindowsServer-201-20200528101120/operations/8BEE97099497C758",
    "operationId": "8BEE97099497C758",
    "properties": {
      "provisioningOperation": "Create",
      "provisioningState": "Succeeded",
      "timestamp": "2020-05-28T04:43:52.2552886Z",
      "duration": "PT2.5727688S",
      "trackingId": "2b884b4e-e827-4066-8a34-3073bec7e703",
      "statusCode": "OK",
      "targetResource": {
        "id": "/subscriptions/c2397ac1-f8a2-4424-bb35-dc8c93c1a3c7/resourceGroups/AZ300-RG/providers/Microsoft.Network/networkSecurityGroups/MyVM-nsg",
        "resourceType": "Microsoft.Network/networkSecurityGroups",
        "resourceName": "MyVM-nsg"
      }
    }
  },
  {
    "id": "/subscriptions/c2397ac1-f8a2-4424-bb35-dc8c93c1a3c7/resourceGroups/AZ300-RG/providers/Microsoft.Resources/deployments/CreateVm-MicrosoftWindowsServer.WindowsServer-201-20200528101120/operations/08586109658566439260",
    "operationId": "08586109658566439260",
    "properties": {
      "provisioningOperation": "EvaluateDeploymentOutput",
      "provisioningState": "Succeeded",
      "timestamp": "2020-05-28T04:45:52.2290005Z",
      "duration": "PT0.0764048S",
      "trackingId": "da55e701-183a-43dc-9560-152ef206bbe2",
      "statusCode": "OK",
      "statusMessage": null
    }
  }
]