{
  "id": "/subscriptions/c2397ac1-f8a2-4424-bb35-dc8c93c1a3c7/resourceGroups/AZ300-AppServices/providers/Microsoft.Resources/deployments/Microsoft.Web-WebApp-Portal-a5b41134-9002",
  "name": "Microsoft.Web-WebApp-Portal-a5b41134-9002",
  "type": "Microsoft.Resources/deployments",
  "tags": {
    "primaryResourceId": "/subscriptions/c2397ac1-f8a2-4424-bb35-dc8c93c1a3c7/resourcegroups/AZ300-AppServices/providers/Microsoft.Web/sites/pvwAppService",
    "marketplaceItemId": "Microsoft.WebSite"
  },
  "properties": {
    "templateHash": "10585367527398840059",
    "parameters": {
      "subscriptionId": {
        "type": "String",
        "value": "c2397ac1-f8a2-4424-bb35-dc8c93c1a3c7"
      },
      "name": {
        "type": "String",
        "value": "pvwAppService"
      },
      "location": {
        "type": "String",
        "value": "West US"
      },
      "hostingEnvironment": {
        "type": "String",
        "value": ""
      },
      "hostingPlanName": {
        "type": "String",
        "value": "ASP-AZ300AppServices-bb38"
      },
      "serverFarmResourceGroup": {
        "type": "String",
        "value": "AZ300-AppServices"
      },
      "alwaysOn": {
        "type": "Bool",
        "value": false
      },
      "sku": {
        "type": "String",
        "value": "Basic"
      },
      "skuCode": {
        "type": "String",
        "value": "B1"
      },
      "workerSize": {
        "type": "String",
        "value": "0"
      },
      "workerSizeId": {
        "type": "String",
        "value": "0"
      },
      "numberOfWorkers": {
        "type": "String",
        "value": "1"
      },
      "linuxFxVersion": {
        "type": "String",
        "value": "PYTHON|3.7"
      }
    },
    "mode": "Incremental",
    "debugSetting": {
      "detailLevel": "None"
    },
    "provisioningState": "Running",
    "timestamp": "2020-06-05T14:03:25.4950506Z",
    "duration": "PT0.937827S",
    "correlationId": "6d34b780-f98a-4b11-a237-c7255418a22b",
    "providers": [
      {
        "namespace": "Microsoft.Web",
        "resourceTypes": [
          {
            "resourceType": "sites",
            "locations": [
              "westus"
            ]
          },
          {
            "resourceType": "serverfarms",
            "locations": [
              "westus"
            ]
          }
        ]
      }
    ],
    "dependencies": [
      {
        "dependsOn": [
          {
            "id": "/subscriptions/c2397ac1-f8a2-4424-bb35-dc8c93c1a3c7/resourceGroups/AZ300-AppServices/providers/Microsoft.Web/serverfarms/ASP-AZ300AppServices-bb38",
            "resourceType": "Microsoft.Web/serverfarms",
            "resourceName": "ASP-AZ300AppServices-bb38"
          }
        ],
        "id": "/subscriptions/c2397ac1-f8a2-4424-bb35-dc8c93c1a3c7/resourceGroups/AZ300-AppServices/providers/Microsoft.Web/sites/pvwAppService",
        "resourceType": "Microsoft.Web/sites",
        "resourceName": "pvwAppService"
      }
    ],
    "validationLevel": "Template"
  }
}