{
  "id": "/subscriptions/c2397ac1-f8a2-4424-bb35-dc8c93c1a3c7/resourceGroups/AZ300RG/providers/Microsoft.Resources/deployments/Microsoft.VirtualNetwork-20200601174016",
  "name": "Microsoft.VirtualNetwork-20200601174016",
  "type": "Microsoft.Resources/deployments",
  "tags": {
    "primaryResourceId": "/subscriptions/c2397ac1-f8a2-4424-bb35-dc8c93c1a3c7/resourceGroups/AZ300RG/providers/Microsoft.Network/virtualNetworks/Vnet2",
    "marketplaceItemId": "Microsoft.VirtualNetwork"
  },
  "properties": {
    "templateHash": "9685435707428016653",
    "parameters": {
      "location": {
        "type": "String",
        "value": "westindia"
      },
      "virtualNetworkName": {
        "type": "String",
        "value": "Vnet2"
      },
      "resourceGroup": {
        "type": "String",
        "value": "AZ300RG"
      },
      "addressSpaces": {
        "type": "Array",
        "value": [
          "10.1.0.0/16"
        ]
      },
      "ipv6Enabled": {
        "type": "Bool",
        "value": false
      },
      "subnetCount": {
        "type": "Int",
        "value": 1
      },
      "subnet0_name": {
        "type": "String",
        "value": "Vnet2-Subnet"
      },
      "subnet0_addressRange": {
        "type": "String",
        "value": "10.1.0.0/24"
      },
      "ddosProtectionPlanEnabled": {
        "type": "Bool",
        "value": false
      },
      "firewallEnabled": {
        "type": "Bool",
        "value": false
      },
      "bastionEnabled": {
        "type": "Bool",
        "value": false
      }
    },
    "mode": "Incremental",
    "debugSetting": {
      "detailLevel": "None"
    },
    "provisioningState": "Running",
    "timestamp": "2020-06-01T12:11:28.1103452Z",
    "duration": "PT4.2709537S",
    "correlationId": "554d4361-680a-4c4d-b2cc-a01b10ec86a7",
    "providers": [
      {
        "namespace": "Microsoft.Network",
        "resourceTypes": [
          {
            "resourceType": "VirtualNetworks",
            "locations": [
              "westindia"
            ]
          }
        ]
      }
    ],
    "dependencies": [],
    "validationLevel": "Template"
  }
}