[
  {
    "id": "/subscriptions/c2397ac1-f8a2-4424-bb35-dc8c93c1a3c7/resourceGroups/AG-RG/providers/Microsoft.Resources/deployments/CreateVm-Canonical.UbuntuServer-18.04-LTS-20200604101206/operations/0349DB1516E142F5",
    "operationId": "0349DB1516E142F5",
    "properties": {
      "provisioningOperation": "Create",
      "provisioningState": "Running",
      "timestamp": "2020-06-04T04:44:05.6226672Z",
      "duration": "PT0.3614764S",
      "trackingId": "fd2b2dd7-a039-48a7-b658-9a6c69fc1b97",
      "statusCode": "Created",
      "targetResource": {
        "id": "/subscriptions/c2397ac1-f8a2-4424-bb35-dc8c93c1a3c7/resourceGroups/AG-RG/providers/Microsoft.Network/publicIpAddresses/AGVM2-ip",
        "resourceType": "Microsoft.Network/publicIpAddresses",
        "resourceName": "AGVM2-ip"
      }
    }
  }
]