{
  "id": "/subscriptions/c2397ac1-f8a2-4424-bb35-dc8c93c1a3c7/resourceGroups/AZ300RG/providers/Microsoft.Resources/deployments/Microsoft.ApplicationSecurityGroup",
  "name": "Microsoft.ApplicationSecurityGroup",
  "type": "Microsoft.Resources/deployments",
  "tags": {
    "primaryResourceId": "/subscriptions/c2397ac1-f8a2-4424-bb35-dc8c93c1a3c7/resourcegroups/AZ300RG/providers/Microsoft.Network/applicationSecurityGroups/pvwASG",
    "marketplaceItemId": "Microsoft.ApplicationSecurityGroup-ARM"
  },
  "properties": {
    "templateHash": "12341165477238391203",
    "parameters": {
      "applicationSecurityGroupName": {
        "type": "String",
        "value": "pvwASG"
      },
      "location": {
        "type": "String",
        "value": "westeurope"
      }
    },
    "mode": "Incremental",
    "debugSetting": {
      "detailLevel": "None"
    },
    "provisioningState": "Running",
    "timestamp": "2020-06-01T07:41:35.0517677Z",
    "duration": "PT13.1149082S",
    "correlationId": "3a49f214-26c5-4b0a-b1ae-8ed0731c70bf",
    "providers": [
      {
        "namespace": "Microsoft.Network",
        "resourceTypes": [
          {
            "resourceType": "applicationSecurityGroups",
            "locations": [
              "westeurope"
            ]
          }
        ]
      }
    ],
    "dependencies": [],
    "validationLevel": "Template"
  }
}