[
  {
    "id": "/subscriptions/c2397ac1-f8a2-4424-bb35-dc8c93c1a3c7/resourceGroups/AZ300RG/providers/Microsoft.Resources/deployments/Microsoft.ApplicationSecurityGroup/operations/06613899245B25D0",
    "operationId": "06613899245B25D0",
    "properties": {
      "provisioningOperation": "Create",
      "provisioningState": "Succeeded",
      "timestamp": "2020-06-01T07:41:38.7214704Z",
      "duration": "PT11.779212S",
      "trackingId": "5b7d3d3f-4997-4861-a7aa-bbf124a9d4db",
      "statusCode": "OK",
      "targetResource": {
        "id": "/subscriptions/c2397ac1-f8a2-4424-bb35-dc8c93c1a3c7/resourceGroups/AZ300RG/providers/Microsoft.Network/applicationSecurityGroups/pvwASG",
        "resourceType": "Microsoft.Network/applicationSecurityGroups",
        "resourceName": "pvwASG"
      }
    }
  },
  {
    "id": "/subscriptions/c2397ac1-f8a2-4424-bb35-dc8c93c1a3c7/resourceGroups/AZ300RG/providers/Microsoft.Resources/deployments/Microsoft.ApplicationSecurityGroup/operations/08586106096035407479",
    "operationId": "08586106096035407479",
    "properties": {
      "provisioningOperation": "EvaluateDeploymentOutput",
      "provisioningState": "Succeeded",
      "timestamp": "2020-06-01T07:41:39.5604367Z",
      "duration": "PT0.4229041S",
      "trackingId": "08fec7a0-4834-4e67-a50a-2e0063ed1213",
      "statusCode": "OK",
      "statusMessage": null
    }
  }
]