[
  {
    "id": "/subscriptions/c2397ac1-f8a2-4424-bb35-dc8c93c1a3c7/resourceGroups/AZ300-RG/providers/Microsoft.Resources/deployments/CreateVm-MicrosoftWindowsServer.WindowsServer-201-20200518112820/operations/4D40E5C1A163A62E",
    "operationId": "4D40E5C1A163A62E",
    "properties": {
      "provisioningOperation": "Create",
      "provisioningState": "Succeeded",
      "timestamp": "2020-05-18T06:11:13.6626429Z",
      "duration": "PT4.2530606S",
      "trackingId": "9e4d7ec2-34b6-4cba-9c0b-1cc3f1362ea5",
      "statusCode": "Created",
      "targetResource": {
        "id": "/subscriptions/c2397ac1-f8a2-4424-bb35-dc8c93c1a3c7/resourceGroups/AZ300-RG/providers/Microsoft.DevTestLab/schedules/shutdown-computevm-CreateVM1",
        "resourceType": "Microsoft.DevTestLab/schedules",
        "resourceName": "shutdown-computevm-CreateVM1"
      }
    }
  },
  {
    "id": "/subscriptions/c2397ac1-f8a2-4424-bb35-dc8c93c1a3c7/resourceGroups/AZ300-RG/providers/Microsoft.Resources/deployments/CreateVm-MicrosoftWindowsServer.WindowsServer-201-20200518112820/operations/738BAB42A4D69B1C",
    "operationId": "738BAB42A4D69B1C",
    "properties": {
      "provisioningOperation": "Create",
      "provisioningState": "Succeeded",
      "timestamp": "2020-05-18T06:11:09.3804458Z",
      "duration": "PT1M29.3009078S",
      "trackingId": "ad37c09a-71ba-4baa-b2e6-52ef5a7e8531",
      "statusCode": "OK",
      "targetResource": {
        "id": "/subscriptions/c2397ac1-f8a2-4424-bb35-dc8c93c1a3c7/resourceGroups/AZ300-RG/providers/Microsoft.Compute/virtualMachines/CreateVM1",
        "resourceType": "Microsoft.Compute/virtualMachines",
        "resourceName": "CreateVM1"
      }
    }
  },
  {
    "id": "/subscriptions/c2397ac1-f8a2-4424-bb35-dc8c93c1a3c7/resourceGroups/AZ300-RG/providers/Microsoft.Resources/deployments/CreateVm-MicrosoftWindowsServer.WindowsServer-201-20200518112820/operations/694188250A31D4AC",
    "operationId": "694188250A31D4AC",
    "properties": {
      "provisioningOperation": "Create",
      "provisioningState": "Succeeded",
      "timestamp": "2020-05-18T06:09:34.773889Z",
      "duration": "PT0.5197711S",
      "trackingId": "f2847113-78fd-47aa-897f-e491259ee38c",
      "statusCode": "Created",
      "targetResource": {
        "id": "/subscriptions/c2397ac1-f8a2-4424-bb35-dc8c93c1a3c7/resourceGroups/AZ300-RG/providers/Microsoft.Network/networkInterfaces/createvm1983",
        "resourceType": "Microsoft.Network/networkInterfaces",
        "resourceName": "createvm1983"
      }
    }
  },
  {
    "id": "/subscriptions/c2397ac1-f8a2-4424-bb35-dc8c93c1a3c7/resourceGroups/AZ300-RG/providers/Microsoft.Resources/deployments/CreateVm-MicrosoftWindowsServer.WindowsServer-201-20200518112820/operations/0449F4F76B86E0FA",
    "operationId": "0449F4F76B86E0FA",
    "properties": {
      "provisioningOperation": "Create",
      "provisioningState": "Succeeded",
      "timestamp": "2020-05-18T06:09:34.2249897Z",
      "duration": "PT3.8051854S",
      "trackingId": "7c8a1807-70a3-406c-9cb3-bb12cc157506",
      "statusCode": "OK",
      "targetResource": {
        "id": "/subscriptions/c2397ac1-f8a2-4424-bb35-dc8c93c1a3c7/resourceGroups/AZ300-RG/providers/Microsoft.Network/publicIpAddresses/CreateVM1-ip",
        "resourceType": "Microsoft.Network/publicIpAddresses",
        "resourceName": "CreateVM1-ip"
      }
    }
  },
  {
    "id": "/subscriptions/c2397ac1-f8a2-4424-bb35-dc8c93c1a3c7/resourceGroups/AZ300-RG/providers/Microsoft.Resources/deployments/CreateVm-MicrosoftWindowsServer.WindowsServer-201-20200518112820/operations/BFCBEBADDD493862",
    "operationId": "BFCBEBADDD493862",
    "properties": {
      "provisioningOperation": "Create",
      "provisioningState": "Succeeded",
      "timestamp": "2020-05-18T06:09:33.4234963Z",
      "duration": "PT3.003692S",
      "trackingId": "f0943f6d-49e3-4441-8ff9-bd0d4959f9b0",
      "statusCode": "OK",
      "targetResource": {
        "id": "/subscriptions/c2397ac1-f8a2-4424-bb35-dc8c93c1a3c7/resourceGroups/AZ300-RG/providers/Microsoft.Network/virtualNetworks/AZ300-RG-vnet",
        "resourceType": "Microsoft.Network/virtualNetworks",
        "resourceName": "AZ300-RG-vnet"
      }
    }
  },
  {
    "id": "/subscriptions/c2397ac1-f8a2-4424-bb35-dc8c93c1a3c7/resourceGroups/AZ300-RG/providers/Microsoft.Resources/deployments/CreateVm-MicrosoftWindowsServer.WindowsServer-201-20200518112820/operations/56248A64D4135F5A",
    "operationId": "56248A64D4135F5A",
    "properties": {
      "provisioningOperation": "Create",
      "provisioningState": "Succeeded",
      "timestamp": "2020-05-18T06:09:33.7917777Z",
      "duration": "PT3.3719734S",
      "trackingId": "99a42377-f13d-412d-bee7-f6bbc64273dc",
      "statusCode": "OK",
      "targetResource": {
        "id": "/subscriptions/c2397ac1-f8a2-4424-bb35-dc8c93c1a3c7/resourceGroups/AZ300-RG/providers/Microsoft.Network/networkSecurityGroups/CreateVM1-nsg",
        "resourceType": "Microsoft.Network/networkSecurityGroups",
        "resourceName": "CreateVM1-nsg"
      }
    }
  },
  {
    "id": "/subscriptions/c2397ac1-f8a2-4424-bb35-dc8c93c1a3c7/resourceGroups/AZ300-RG/providers/Microsoft.Resources/deployments/CreateVm-MicrosoftWindowsServer.WindowsServer-201-20200518112820/operations/0D00DA949405BBAB",
    "operationId": "0D00DA949405BBAB",
    "properties": {
      "provisioningOperation": "Create",
      "provisioningState": "Succeeded",
      "timestamp": "2020-05-18T06:09:40.0496141Z",
      "duration": "PT22.3384656S",
      "trackingId": "4fdf39c7-4289-4353-9146-c466438975da",
      "statusCode": "OK",
      "targetResource": {
        "id": "/subscriptions/c2397ac1-f8a2-4424-bb35-dc8c93c1a3c7/resourceGroups/AZ300-RG/providers/Microsoft.Storage/storageAccounts/az300rgdiag746",
        "resourceType": "Microsoft.Storage/storageAccounts",
        "resourceName": "az300rgdiag746"
      }
    }
  },
  {
    "id": "/subscriptions/c2397ac1-f8a2-4424-bb35-dc8c93c1a3c7/resourceGroups/AZ300-RG/providers/Microsoft.Resources/deployments/CreateVm-MicrosoftWindowsServer.WindowsServer-201-20200518112820/operations/08586118247294901214",
    "operationId": "08586118247294901214",
    "properties": {
      "provisioningOperation": "EvaluateDeploymentOutput",
      "provisioningState": "Succeeded",
      "timestamp": "2020-05-18T06:11:13.7457367Z",
      "duration": "PT0.0611926S",
      "trackingId": "02c01b71-560c-4b0d-a1bc-bb5c91d9cffe",
      "statusCode": "OK",
      "statusMessage": null
    }
  }
]