{
  "id": "/subscriptions/c2397ac1-f8a2-4424-bb35-dc8c93c1a3c7/resourceGroups/AZ300-RG/providers/Microsoft.Resources/deployments/CreateVm-MicrosoftWindowsServer.WindowsServer-201-20200518112820",
  "name": "CreateVm-MicrosoftWindowsServer.WindowsServer-201-20200518112820",
  "type": "Microsoft.Resources/deployments",
  "tags": {
    "primaryResourceId": "/subscriptions/c2397ac1-f8a2-4424-bb35-dc8c93c1a3c7/resourcegroups/AZ300-RG/providers/Microsoft.Compute/virtualMachines/CreateVM1",
    "marketplaceItemId": "Microsoft.WindowsServer2016Datacenter-ARM",
    "provisioningHash": "SolutionProvider"
  },
  "properties": {
    "templateHash": "9484416782349741428",
    "parameters": {
      "location": {
        "type": "String",
        "value": "westindia"
      },
      "networkInterfaceName": {
        "type": "String",
        "value": "createvm1983"
      },
      "networkSecurityGroupName": {
        "type": "String",
        "value": "CreateVM1-nsg"
      },
      "networkSecurityGroupRules": {
        "type": "Array",
        "value": [
          {
            "name": "RDP",
            "properties": {
              "priority": 300,
              "protocol": "TCP",
              "access": "Allow",
              "direction": "Inbound",
              "sourceAddressPrefix": "*",
              "sourcePortRange": "*",
              "destinationAddressPrefix": "*",
              "destinationPortRange": "3389"
            }
          },
          {
            "name": "HTTPS",
            "properties": {
              "priority": 320,
              "protocol": "TCP",
              "access": "Allow",
              "direction": "Inbound",
              "sourceAddressPrefix": "*",
              "sourcePortRange": "*",
              "destinationAddressPrefix": "*",
              "destinationPortRange": "443"
            }
          },
          {
            "name": "HTTP",
            "properties": {
              "priority": 340,
              "protocol": "TCP",
              "access": "Allow",
              "direction": "Inbound",
              "sourceAddressPrefix": "*",
              "sourcePortRange": "*",
              "destinationAddressPrefix": "*",
              "destinationPortRange": "80"
            }
          }
        ]
      },
      "subnetName": {
        "type": "String",
        "value": "default"
      },
      "virtualNetworkName": {
        "type": "String",
        "value": "AZ300-RG-vnet"
      },
      "addressPrefixes": {
        "type": "Array",
        "value": [
          "10.0.0.0/24"
        ]
      },
      "subnets": {
        "type": "Array",
        "value": [
          {
            "name": "default",
            "properties": {
              "addressPrefix": "10.0.0.0/24"
            }
          }
        ]
      },
      "publicIpAddressName": {
        "type": "String",
        "value": "CreateVM1-ip"
      },
      "publicIpAddressType": {
        "type": "String",
        "value": "Dynamic"
      },
      "publicIpAddressSku": {
        "type": "String",
        "value": "Basic"
      },
      "virtualMachineName": {
        "type": "String",
        "value": "CreateVM1"
      },
      "virtualMachineRG": {
        "type": "String",
        "value": "AZ300-RG"
      },
      "osDiskType": {
        "type": "String",
        "value": "Premium_LRS"
      },
      "virtualMachineSize": {
        "type": "String",
        "value": "Standard_DS1_v2"
      },
      "adminUsername": {
        "type": "String",
        "value": "PrashantWalunj"
      },
      "adminPassword": {
        "type": "SecureString"
      },
      "diagnosticsStorageAccountName": {
        "type": "String",
        "value": "az300rgdiag746"
      },
      "diagnosticsStorageAccountId": {
        "type": "String",
        "value": "Microsoft.Storage/storageAccounts/az300rgdiag746"
      },
      "diagnosticsStorageAccountType": {
        "type": "String",
        "value": "Standard_LRS"
      },
      "diagnosticsStorageAccountKind": {
        "type": "String",
        "value": "Storage"
      },
      "autoShutdownStatus": {
        "type": "String",
        "value": "Enabled"
      },
      "autoShutdownTime": {
        "type": "String",
        "value": "15:00"
      },
      "autoShutdownTimeZone": {
        "type": "String",
        "value": "India Standard Time"
      },
      "autoShutdownNotificationStatus": {
        "type": "String",
        "value": "Enabled"
      },
      "autoShutdownNotificationLocale": {
        "type": "String",
        "value": "en"
      },
      "autoShutdownNotificationEmail": {
        "type": "String",
        "value": "prashantwalunj@outlook.com"
      }
    },
    "mode": "Incremental",
    "debugSetting": {
      "detailLevel": "None"
    },
    "provisioningState": "Succeeded",
    "timestamp": "2020-05-18T06:11:13.7612736Z",
    "duration": "PT1M57.7736885S",
    "correlationId": "69eaa9b8-c3d3-4bad-96c9-49e1fdf13dfd",
    "providers": [
      {
        "namespace": "Microsoft.Network",
        "resourceTypes": [
          {
            "resourceType": "networkInterfaces",
            "locations": [
              "westindia"
            ]
          },
          {
            "resourceType": "networkSecurityGroups",
            "locations": [
              "westindia"
            ]
          },
          {
            "resourceType": "virtualNetworks",
            "locations": [
              "westindia"
            ]
          },
          {
            "resourceType": "publicIpAddresses",
            "locations": [
              "westindia"
            ]
          }
        ]
      },
      {
        "namespace": "Microsoft.Compute",
        "resourceTypes": [
          {
            "resourceType": "virtualMachines",
            "locations": [
              "westindia"
            ]
          }
        ]
      },
      {
        "namespace": "Microsoft.Storage",
        "resourceTypes": [
          {
            "resourceType": "storageAccounts",
            "locations": [
              "westindia"
            ]
          }
        ]
      },
      {
        "namespace": "Microsoft.DevTestLab",
        "resourceTypes": [
          {
            "resourceType": "schedules",
            "locations": [
              "westindia"
            ]
          }
        ]
      }
    ],
    "dependencies": [
      {
        "dependsOn": [
          {
            "id": "/subscriptions/c2397ac1-f8a2-4424-bb35-dc8c93c1a3c7/resourceGroups/AZ300-RG/providers/Microsoft.Network/networkSecurityGroups/CreateVM1-nsg",
            "resourceType": "Microsoft.Network/networkSecurityGroups",
            "resourceName": "CreateVM1-nsg"
          },
          {
            "id": "/subscriptions/c2397ac1-f8a2-4424-bb35-dc8c93c1a3c7/resourceGroups/AZ300-RG/providers/Microsoft.Network/virtualNetworks/AZ300-RG-vnet",
            "resourceType": "Microsoft.Network/virtualNetworks",
            "resourceName": "AZ300-RG-vnet"
          },
          {
            "id": "/subscriptions/c2397ac1-f8a2-4424-bb35-dc8c93c1a3c7/resourceGroups/AZ300-RG/providers/Microsoft.Network/publicIpAddresses/CreateVM1-ip",
            "resourceType": "Microsoft.Network/publicIpAddresses",
            "resourceName": "CreateVM1-ip"
          }
        ],
        "id": "/subscriptions/c2397ac1-f8a2-4424-bb35-dc8c93c1a3c7/resourceGroups/AZ300-RG/providers/Microsoft.Network/networkInterfaces/createvm1983",
        "resourceType": "Microsoft.Network/networkInterfaces",
        "resourceName": "createvm1983"
      },
      {
        "dependsOn": [
          {
            "id": "/subscriptions/c2397ac1-f8a2-4424-bb35-dc8c93c1a3c7/resourceGroups/AZ300-RG/providers/Microsoft.Network/networkInterfaces/createvm1983",
            "resourceType": "Microsoft.Network/networkInterfaces",
            "resourceName": "createvm1983"
          },
          {
            "id": "/subscriptions/c2397ac1-f8a2-4424-bb35-dc8c93c1a3c7/resourceGroups/AZ300-RG/providers/Microsoft.Storage/storageAccounts/az300rgdiag746",
            "resourceType": "Microsoft.Storage/storageAccounts",
            "resourceName": "az300rgdiag746"
          }
        ],
        "id": "/subscriptions/c2397ac1-f8a2-4424-bb35-dc8c93c1a3c7/resourceGroups/AZ300-RG/providers/Microsoft.Compute/virtualMachines/CreateVM1",
        "resourceType": "Microsoft.Compute/virtualMachines",
        "resourceName": "CreateVM1"
      },
      {
        "dependsOn": [
          {
            "id": "/subscriptions/c2397ac1-f8a2-4424-bb35-dc8c93c1a3c7/resourceGroups/AZ300-RG/providers/Microsoft.Compute/virtualMachines/CreateVM1",
            "resourceType": "Microsoft.Compute/virtualMachines",
            "resourceName": "CreateVM1"
          }
        ],
        "id": "/subscriptions/c2397ac1-f8a2-4424-bb35-dc8c93c1a3c7/resourceGroups/AZ300-RG/providers/Microsoft.DevTestLab/schedules/shutdown-computevm-CreateVM1",
        "resourceType": "Microsoft.DevTestLab/schedules",
        "resourceName": "shutdown-computevm-CreateVM1"
      }
    ],
    "outputs": {
      "adminUsername": {
        "type": "String",
        "value": "PrashantWalunj"
      }
    },
    "outputResources": [
      {
        "id": "/subscriptions/c2397ac1-f8a2-4424-bb35-dc8c93c1a3c7/resourceGroups/AZ300-RG/providers/Microsoft.Compute/virtualMachines/CreateVM1"
      },
      {
        "id": "/subscriptions/c2397ac1-f8a2-4424-bb35-dc8c93c1a3c7/resourceGroups/AZ300-RG/providers/Microsoft.DevTestLab/schedules/shutdown-computevm-CreateVM1"
      },
      {
        "id": "/subscriptions/c2397ac1-f8a2-4424-bb35-dc8c93c1a3c7/resourceGroups/AZ300-RG/providers/Microsoft.Network/networkInterfaces/createvm1983"
      },
      {
        "id": "/subscriptions/c2397ac1-f8a2-4424-bb35-dc8c93c1a3c7/resourceGroups/AZ300-RG/providers/Microsoft.Network/networkSecurityGroups/CreateVM1-nsg"
      },
      {
        "id": "/subscriptions/c2397ac1-f8a2-4424-bb35-dc8c93c1a3c7/resourceGroups/AZ300-RG/providers/Microsoft.Network/publicIpAddresses/CreateVM1-ip"
      },
      {
        "id": "/subscriptions/c2397ac1-f8a2-4424-bb35-dc8c93c1a3c7/resourceGroups/AZ300-RG/providers/Microsoft.Network/virtualNetworks/AZ300-RG-vnet"
      },
      {
        "id": "/subscriptions/c2397ac1-f8a2-4424-bb35-dc8c93c1a3c7/resourceGroups/AZ300-RG/providers/Microsoft.Storage/storageAccounts/az300rgdiag746"
      }
    ],
    "validationLevel": "Template"
  }
}