[
  {
    "id": "/subscriptions/c2397ac1-f8a2-4424-bb35-dc8c93c1a3c7/resourceGroups/AZ300-StorageAccount-RG/providers/Microsoft.Resources/deployments/Microsoft.StorageAccount-20200609122917/operations/BD1D3F759090C7C7",
    "operationId": "BD1D3F759090C7C7",
    "properties": {
      "provisioningOperation": "Create",
      "provisioningState": "Succeeded",
      "timestamp": "2020-06-09T07:02:46.5753039Z",
      "duration": "PT19.1682192S",
      "trackingId": "6981f07b-dc1b-45cc-8f61-546692aa3fb8",
      "statusCode": "OK",
      "targetResource": {
        "id": "/subscriptions/c2397ac1-f8a2-4424-bb35-dc8c93c1a3c7/resourceGroups/AZ300-StorageAccount-RG/providers/Microsoft.Storage/storageAccounts/pvwstorageaccount",
        "resourceType": "Microsoft.Storage/storageAccounts",
        "resourceName": "pvwstorageaccount"
      }
    }
  },
  {
    "id": "/subscriptions/c2397ac1-f8a2-4424-bb35-dc8c93c1a3c7/resourceGroups/AZ300-StorageAccount-RG/providers/Microsoft.Resources/deployments/Microsoft.StorageAccount-20200609122917/operations/08586099207386037970",
    "operationId": "08586099207386037970",
    "properties": {
      "provisioningOperation": "EvaluateDeploymentOutput",
      "provisioningState": "Succeeded",
      "timestamp": "2020-06-09T07:02:46.6420877Z",
      "duration": "PT0.0374117S",
      "trackingId": "cb80d9bd-041e-44e8-830a-d7275e292762",
      "statusCode": "OK",
      "statusMessage": null
    }
  }
]