{
  "id": "/subscriptions/c2397ac1-f8a2-4424-bb35-dc8c93c1a3c7/resourceGroups/AZ300-StorageAccount-RG/providers/Microsoft.Resources/deployments/Microsoft.StorageAccount-20200609122917",
  "name": "Microsoft.StorageAccount-20200609122917",
  "type": "Microsoft.Resources/deployments",
  "tags": {
    "primaryResourceId": "/subscriptions/c2397ac1-f8a2-4424-bb35-dc8c93c1a3c7/resourcegroups/AZ300-StorageAccount-RG/providers/Microsoft.Storage/storageAccounts/pvwstorageaccount",
    "marketplaceItemId": "Microsoft.StorageAccount"
  },
  "properties": {
    "templateHash": "18069797676767070479",
    "parameters": {
      "location": {
        "type": "String",
        "value": "westindia"
      },
      "storageAccountName": {
        "type": "String",
        "value": "pvwstorageaccount"
      },
      "accountType": {
        "type": "String",
        "value": "Standard_LRS"
      },
      "kind": {
        "type": "String",
        "value": "StorageV2"
      },
      "accessTier": {
        "type": "String",
        "value": "Hot"
      },
      "supportsHttpsTrafficOnly": {
        "type": "Bool",
        "value": true
      },
      "largeFileSharesState": {
        "type": "String",
        "value": "Disabled"
      }
    },
    "mode": "Incremental",
    "debugSetting": {
      "detailLevel": "None"
    },
    "provisioningState": "Succeeded",
    "timestamp": "2020-06-09T07:02:46.6785698Z",
    "duration": "PT19.804719S",
    "correlationId": "c4b81e50-6284-4795-96b9-063a87c9a236",
    "providers": [
      {
        "namespace": "Microsoft.Storage",
        "resourceTypes": [
          {
            "resourceType": "storageAccounts",
            "locations": [
              "westindia"
            ]
          }
        ]
      }
    ],
    "dependencies": [],
    "outputs": {},
    "outputResources": [
      {
        "id": "/subscriptions/c2397ac1-f8a2-4424-bb35-dc8c93c1a3c7/resourceGroups/AZ300-StorageAccount-RG/providers/Microsoft.Storage/storageAccounts/pvwstorageaccount"
      }
    ],
    "validationLevel": "Template"
  }
}