[
  {
    "id": "/subscriptions/c2397ac1-f8a2-4424-bb35-dc8c93c1a3c7/resourceGroups/AZ300RG/providers/Microsoft.Resources/deployments/Microsoft.VirtualNetworkGateway-20200601191435/operations/582F118F303BBD78",
    "operationId": "582F118F303BBD78",
    "properties": {
      "provisioningOperation": "Create",
      "provisioningState": "Running",
      "timestamp": "2020-06-01T14:02:28.338988Z",
      "duration": "PT16M19.5618835S",
      "trackingId": "711d617c-0d42-434b-b43d-86ec6052005c",
      "statusCode": "Created",
      "targetResource": {
        "id": "/subscriptions/c2397ac1-f8a2-4424-bb35-dc8c93c1a3c7/resourceGroups/AZ300RG/providers/Microsoft.Network/virtualNetworkGateways/VirtualNetworkGatewayNew",
        "resourceType": "Microsoft.Network/virtualNetworkGateways",
        "resourceName": "VirtualNetworkGatewayNew"
      }
    }
  },
  {
    "id": "/subscriptions/c2397ac1-f8a2-4424-bb35-dc8c93c1a3c7/resourceGroups/AZ300RG/providers/Microsoft.Resources/deployments/Microsoft.VirtualNetworkGateway-20200601191435/operations/017A1BD77B5FAC01",
    "operationId": "017A1BD77B5FAC01",
    "properties": {
      "provisioningOperation": "Create",
      "provisioningState": "Succeeded",
      "timestamp": "2020-06-01T13:46:08.6910974Z",
      "duration": "PT15.9328807S",
      "trackingId": "08e7d02a-f7d6-4446-993b-8bd57c31ec3b",
      "statusCode": "OK",
      "targetResource": {
        "id": "/subscriptions/c2397ac1-f8a2-4424-bb35-dc8c93c1a3c7/resourceGroups/AZ300RG/providers/Microsoft.Network/publicIPAddresses/VirtualNetworkGatewayNewPublicIP",
        "resourceType": "Microsoft.Network/publicIPAddresses",
        "resourceName": "VirtualNetworkGatewayNewPublicIP"
      }
    }
  }
]