{
  "id": "/subscriptions/c2397ac1-f8a2-4424-bb35-dc8c93c1a3c7/resourceGroups/AZ300RG/providers/Microsoft.Resources/deployments/Microsoft.VirtualNetworkGateway-20200601191435",
  "name": "Microsoft.VirtualNetworkGateway-20200601191435",
  "type": "Microsoft.Resources/deployments",
  "tags": {
    "primaryResourceId": "/subscriptions/c2397ac1-f8a2-4424-bb35-dc8c93c1a3c7/resourceGroups/AZ300RG/providers/Microsoft.Network/virtualNetworkGateways/VirtualNetworkGatewayNew",
    "marketplaceItemId": "Microsoft.VirtualNetworkGateway"
  },
  "properties": {
    "templateHash": "6363406703380970083",
    "parameters": {
      "name": {
        "type": "String",
        "value": "VirtualNetworkGatewayNew"
      },
      "location": {
        "type": "String",
        "value": "westindia"
      },
      "sku": {
        "type": "String",
        "value": "VpnGw1"
      },
      "gatewayType": {
        "type": "String",
        "value": "Vpn"
      },
      "vpnGatewayGeneration": {
        "type": "String",
        "value": "Generation1"
      },
      "vpnType": {
        "type": "String",
        "value": "RouteBased"
      },
      "subnetId": {
        "type": "String",
        "value": "/subscriptions/c2397ac1-f8a2-4424-bb35-dc8c93c1a3c7/resourceGroups/AZ300RG/providers/Microsoft.Network/virtualNetworks/Vnet1/subnets/GatewaySubnet"
      },
      "newPublicIpAddressName": {
        "type": "String",
        "value": "VirtualNetworkGatewayNewPublicIP"
      }
    },
    "mode": "Incremental",
    "debugSetting": {
      "detailLevel": "None"
    },
    "provisioningState": "Running",
    "timestamp": "2020-06-01T14:02:27.9565572Z",
    "duration": "PT16M39.9073412S",
    "correlationId": "a96a0728-0992-4533-a13f-f1cf5d6c156e",
    "providers": [
      {
        "namespace": "Microsoft.Network",
        "resourceTypes": [
          {
            "resourceType": "virtualNetworkGateways",
            "locations": [
              "westindia"
            ]
          },
          {
            "resourceType": "publicIPAddresses",
            "locations": [
              "westindia"
            ]
          }
        ]
      }
    ],
    "dependencies": [
      {
        "dependsOn": [
          {
            "id": "/subscriptions/c2397ac1-f8a2-4424-bb35-dc8c93c1a3c7/resourceGroups/AZ300RG/providers/Microsoft.Network/publicIPAddresses/VirtualNetworkGatewayNewPublicIP",
            "resourceType": "Microsoft.Network/publicIPAddresses",
            "resourceName": "VirtualNetworkGatewayNewPublicIP"
          }
        ],
        "id": "/subscriptions/c2397ac1-f8a2-4424-bb35-dc8c93c1a3c7/resourceGroups/AZ300RG/providers/Microsoft.Network/virtualNetworkGateways/VirtualNetworkGatewayNew",
        "resourceType": "Microsoft.Network/virtualNetworkGateways",
        "resourceName": "VirtualNetworkGatewayNew"
      }
    ],
    "validationLevel": "Template"
  }
}