{
  "id": "/subscriptions/c2397ac1-f8a2-4424-bb35-dc8c93c1a3c7/resourceGroups/AZ300-VM-RG/providers/Microsoft.Resources/deployments/Microsoft.AvailabilitySet-20200610093941",
  "name": "Microsoft.AvailabilitySet-20200610093941",
  "type": "Microsoft.Resources/deployments",
  "tags": {
    "primaryResourceId": "/subscriptions/c2397ac1-f8a2-4424-bb35-dc8c93c1a3c7/resourcegroups/AZ300-VM-RG/providers/Microsoft.Compute/availabilitySets/AvaibilitySet",
    "marketplaceItemId": "Microsoft.AvailabilitySet-ARM"
  },
  "properties": {
    "templateHash": "409652808371024055",
    "parameters": {
      "resourceName": {
        "type": "String",
        "value": "AvaibilitySet"
      },
      "location": {
        "type": "String",
        "value": "westindia"
      },
      "platformFaultDomainCount": {
        "type": "Int",
        "value": 2
      },
      "platformUpdateDomainCount": {
        "type": "Int",
        "value": 3
      },
      "skuName": {
        "type": "String",
        "value": "Aligned"
      }
    },
    "mode": "Incremental",
    "debugSetting": {
      "detailLevel": "None"
    },
    "provisioningState": "Succeeded",
    "timestamp": "2020-06-10T04:10:14.6872091Z",
    "duration": "PT1.0474853S",
    "correlationId": "c5cb9235-d62d-4238-bee2-12673234803c",
    "providers": [
      {
        "namespace": "Microsoft.Compute",
        "resourceTypes": [
          {
            "resourceType": "availabilitySets",
            "locations": [
              "westindia"
            ]
          }
        ]
      }
    ],
    "dependencies": [],
    "outputResources": [
      {
        "id": "/subscriptions/c2397ac1-f8a2-4424-bb35-dc8c93c1a3c7/resourceGroups/AZ300-VM-RG/providers/Microsoft.Compute/availabilitySets/AvaibilitySet"
      }
    ],
    "validationLevel": "Template"
  }
}