<?xml version="1.0"?>
<doc>
    <assembly>
        <name>Microsoft.ServiceBus.Messaging.EventProcessorHost</name>
    </assembly>
    <members>
        <member name="T:Microsoft.ServiceBus.Messaging.EventProcessorHost">
            <summary>
            A very simple host for processing EventHub messages.  It takes care of distributing EventHub partitions among EventProcessorHost
            instances.  It creates an Azure Block Blob for each partition in EventHub and use these blobs for managing lease for a partition.
            Every EventProcessorHost instance is performing the following two tasks:
                1) Renew Leases: It keeps track of leases currently owned by the host and continuously keeps on renewing the leases.
                2) Acquire Leases: Each instance continuously polls all the lease blobs to check if there are any leases it should acquire 
                for the system to get into balanced state.
            Client application needs to implement <see cref="T:Microsoft.ServiceBus.Messaging.IEventProcessor"/> and register processor implementation with EventProcessorHost.
            </summary>
        </member>
        <member name="P:Microsoft.ServiceBus.Messaging.EventProcessorHost.HostName">
            <summary>Gets the host name, which is a unique name for the <see cref="T:Microsoft.ServiceBus.Messaging.EventProcessorHost" /> instance.</summary>
            <value>The host name.</value>
        </member>
        <member name="P:Microsoft.ServiceBus.Messaging.EventProcessorHost.PartitionManagerOptions">
            <summary>Gets or sets the 
            <see cref="T:Microsoft.ServiceBus.Messaging.PartitionManagerOptions" /> instance used by the 
            <see cref="T:Microsoft.ServiceBus.Messaging.EventProcessorHost" /> object.</summary> 
            <value>The <see cref="T:Microsoft.ServiceBus.Messaging.PartitionManagerOptions" /> instance.</value>
        </member>
        <member name="M:Microsoft.ServiceBus.Messaging.EventProcessorHost.#ctor(System.String,System.String,System.String,System.String)">
            <summary>
            Creates new instance of EventProcessorHost.
            </summary>
            <param name="eventHubPath">Event Hub path to start receiving messages from.</param>
            <param name="consumerGroupName">Name of Event Hub consumer group to start receiving messages from.</param>
            <param name="eventHubConnectionString">Connection string for Event Hub.</param>
            <param name="storageConnectionString">Connection string of Azure Blob storage account to use for partition distribution.</param>
        </member>
        <member name="M:Microsoft.ServiceBus.Messaging.EventProcessorHost.#ctor(System.String,System.String,System.String,System.String,System.String)">
            <summary>Initializes a new instance of the <see cref="T:Microsoft.ServiceBus.Messaging.EventProcessorHost" /> class.</summary>
            <param name="hostName">The name of the 
            <see cref="T:Microsoft.ServiceBus.Messaging.EventProcessorHost" /> instance. This name must be unique for each instance of the host.</param> 
            <param name="eventHubPath">The path to the Event Hub from which to start receiving event data.</param>
            <param name="consumerGroupName">The name of the Event Hubs consumer group from which to start receiving event data.</param>
            <param name="eventHubConnectionString">The connection string for the Event Hub.</param>
            <param name="storageConnectionString">The connection string for the Azure Blob storage account to use for partition distribution.</param>
        </member>
        <member name="M:Microsoft.ServiceBus.Messaging.EventProcessorHost.#ctor(System.String,System.String,System.String,System.String,System.String,System.String,System.String)">
            <summary>Initializes a new instance of the <see cref="T:Microsoft.ServiceBus.Messaging.EventProcessorHost" /> class.</summary>
            <param name="hostName">The name of the 
            <see cref="T:Microsoft.ServiceBus.Messaging.EventProcessorHost" /> instance. This name must be unique for each instance of the host.</param> 
            <param name="eventHubPath">The path to the Event Hub from which to start receiving event data.</param>
            <param name="consumerGroupName">The name of the Event Hubs consumer group from which to start receiving event data.</param>
            <param name="eventHubConnectionString">The connection string for the Event Hub.</param>
            <param name="storageConnectionString">The connection string for the Azure Blob storage account to use for partition distribution.</param>
            <param name="leaseContainerName">The name of the Azure Blob container in which all lease blobs are created. If this 
            parameter is not supplied, then the Event Hubs path is used as the name of the Azure Blob container.</param> 
            <param name="leaseBlobPrefix">The prefix of lease blob files.</param>
        </member>
        <member name="M:Microsoft.ServiceBus.Messaging.EventProcessorHost.#ctor(System.String,System.String,System.String,System.Func{Microsoft.ServiceBus.Messaging.EventProcessorOptions,Microsoft.ServiceBus.Messaging.MessagingFactory},System.Func{Microsoft.WindowsAzure.Storage.Blob.CloudBlobClient})">
            <summary>
            Creates new instance of EventProcessorHost.
            </summary>
            <param name="hostName">Name for EventProcessorHost instance.  This must be unique for each instance of the host.</param>
            <param name="eventHubPath">EventHub path to start receiving messages from.</param>
            <param name="consumerGroupName">Name of EventHub consumer group to start receiving messages from.</param>
            <param name="eventHubClientFactory">Factory to initialize <see cref="T:Microsoft.ServiceBus.Messaging.MessagingFactory"/> to be used by EventProcessorHost for creating <see cref="T:Microsoft.ServiceBus.Messaging.EventHubClient"/>
            and eventually <see cref="T:Microsoft.ServiceBus.Messaging.EventHubReceiver"/>.  EventProcessorHost maintains a pool of these <see cref="T:Microsoft.ServiceBus.Messaging.MessagingFactory"/> objects and will use provided factory whenever
            a new instance needs to be created based on <see cref="P:Microsoft.ServiceBus.Messaging.PartitionManagerOptions.MaxReceiveClients"/> option.</param>
            <param name="storageClientFactory">Factory to initialize <see cref="P:Microsoft.ServiceBus.Messaging.EventProcessorHost.CloudBlobClient"/> which is used by EventProcessorHost for lease management and partition 
            distribution among available hosts.</param>
        </member>
        <member name="M:Microsoft.ServiceBus.Messaging.EventProcessorHost.#ctor(System.String,System.String,System.String,System.Func{Microsoft.ServiceBus.Messaging.EventProcessorOptions,Microsoft.ServiceBus.Messaging.MessagingFactory},System.Func{Microsoft.WindowsAzure.Storage.Blob.CloudBlobClient},System.String,System.String)">
            <summary>
            Creates new instance of EventProcessorHost.
            </summary>
            <param name="hostName">Name for EventProcessorHost instance.  This must be unique for each instance of the host.</param>
            <param name="eventHubPath">EventHub path to start receiving messages from.</param>
            <param name="consumerGroupName">Name of EventHub consumer group to start receiving messages from.</param>
            <param name="eventHubClientFactory">Factory to initialize <see cref="T:Microsoft.ServiceBus.Messaging.MessagingFactory"/> to be used by EventProcessorHost for creating <see cref="T:Microsoft.ServiceBus.Messaging.EventHubClient"/>
            and eventually <see cref="T:Microsoft.ServiceBus.Messaging.EventHubReceiver"/>.  EventProcessorHost maintains a pool of these <see cref="T:Microsoft.ServiceBus.Messaging.MessagingFactory"/> objects and will use provided factory whenever
            a new instance needs to be created based on <see cref="P:Microsoft.ServiceBus.Messaging.PartitionManagerOptions.MaxReceiveClients"/> option.</param>
            <param name="storageClientFactory">Factory to initialize <see cref="P:Microsoft.ServiceBus.Messaging.EventProcessorHost.CloudBlobClient"/> which is used by EventProcessorHost for lease management and partition 
            distribution among available hosts.</param>
            <param name="leaseContainerName">Name of Azure Blob container where all lease blobs are created.  If this is not passed in then EventHub path 
            is used as the name of Azure Blob container.</param>
            <param name="leaseBlobPrefix">The prefix of lease blob files.</param>
        </member>
        <member name="M:Microsoft.ServiceBus.Messaging.EventProcessorHost.RegisterEventProcessorAsync``1">
            <summary>Asynchronously registers the 
            <see cref="T:Microsoft.ServiceBus.Messaging.IEventProcessor" /> interface implementation with the host using the 
            <see cref="T:Microsoft.ServiceBus.Messaging.DefaultEventProcessorFactory`1" /> factory. This method also starts the host and enables it to start participating in the partition distribution process.</summary> 
            <typeparam name="T">Implementation of your application-specific <see cref="T:Microsoft.ServiceBus.Messaging.IEventProcessor" />.</typeparam>
            <returns>A task indicating that the <see cref="T:Microsoft.ServiceBus.Messaging.EventProcessorHost" /> instance has started.</returns>
        </member>
        <member name="M:Microsoft.ServiceBus.Messaging.EventProcessorHost.RegisterEventProcessorAsync``1(Microsoft.ServiceBus.Messaging.EventProcessorOptions)">
            <summary>
            This registers <see cref="T:Microsoft.ServiceBus.Messaging.IEventProcessor"/> implementation with the host using <see cref="T:Microsoft.ServiceBus.Messaging.DefaultEventProcessorFactory`1"/>.  
            This also starts the host and causes it to start participating in the partition distribution process.
            </summary>
            <typeparam name="T">Implementation of your application specific <see cref="T:Microsoft.ServiceBus.Messaging.IEventProcessor"/>.</typeparam>
            <param name="processorOptions"><see cref="T:Microsoft.ServiceBus.Messaging.EventProcessorOptions"/> to control various aspects of message pump created when ownership 
            is acquired for a particular partition of EventHub.</param>
            <returns>A task to indicate EventProcessorHost instance is started.</returns>
        </member>
        <member name="M:Microsoft.ServiceBus.Messaging.EventProcessorHost.RegisterEventProcessorFactoryAsync(Microsoft.ServiceBus.Messaging.IEventProcessorFactory)">
            <summary>
            This registers <see cref="T:Microsoft.ServiceBus.Messaging.IEventProcessorFactory"/> implementation with the host which is used to create an instance of 
            <see cref="T:Microsoft.ServiceBus.Messaging.IEventProcessor"/> when it takes ownership of a partition.  This also starts the host and causes it to start participating 
            in the partition distribution process.
            </summary>
            <param name="factory">Instance of <see cref="T:Microsoft.ServiceBus.Messaging.IEventProcessorFactory"/> implementation.</param>
            <returns>A task to indicate EventProcessorHost instance is started.</returns>
        </member>
        <member name="M:Microsoft.ServiceBus.Messaging.EventProcessorHost.RegisterEventProcessorFactoryAsync(Microsoft.ServiceBus.Messaging.IEventProcessorFactory,Microsoft.ServiceBus.Messaging.EventProcessorOptions)">
            <summary>
            This registers <see cref="T:Microsoft.ServiceBus.Messaging.IEventProcessorFactory"/> implementation with the host which is used to create an instance of 
            <see cref="T:Microsoft.ServiceBus.Messaging.IEventProcessor"/> when it takes ownership of a partition.  This also starts the host and causes it to start participating 
            in the partition distribution process.
            </summary>
            <param name="factory">Instance of <see cref="T:Microsoft.ServiceBus.Messaging.IEventProcessorFactory"/> implementation.</param>
            <param name="processorOptions"><see cref="T:Microsoft.ServiceBus.Messaging.EventProcessorOptions"/> to control various aspects of message pump created when ownership 
            is acquired for a particular partition of EventHub.</param>
            <returns>A task to indicate EventProcessorHost instance is started.</returns>
        </member>
        <member name="M:Microsoft.ServiceBus.Messaging.EventProcessorHost.UnregisterEventProcessorAsync">
            <summary>Asynchronously shuts down the 
            <see cref="T:Microsoft.ServiceBus.Messaging.EventProcessorHost" /> instance. This method maintains the leases on all partitions currently held, and enables each 
            <see cref="T:Microsoft.ServiceBus.Messaging.IEventProcessor" /> instance to shut down cleanly by invoking the 
            <see cref="M:Microsoft.ServiceBus.Messaging.IEventProcessor.CloseAsync(Microsoft.ServiceBus.Messaging.PartitionContext,Microsoft.ServiceBus.Messaging.CloseReason)" /> method with a 
            <see cref="F:Microsoft.ServiceBus.Messaging.CloseReason.Shutdown" /> object.</summary> 
            <returns>A task that indicates the <see cref="T:Microsoft.ServiceBus.Messaging.EventProcessorHost" /> instance has stopped.</returns>
        </member>
        <member name="M:Microsoft.ServiceBus.Messaging.EventProcessorHost.ResetConnection(System.String)">
            <summary />
            <param name="partitionId" />
        </member>
        <member name="M:Microsoft.ServiceBus.Messaging.EventProcessorHost.ResetAllConnections">
            <summary>
            Reset all Event Hubs receiver connections used by this instance of EventProcessorHost.
            </summary>
        </member>
        <member name="T:Microsoft.ServiceBus.Messaging.PartitionManagerOptions">
            <summary>
            Options to control various aspects of partition distribution happening within <see cref="T:Microsoft.ServiceBus.Messaging.EventProcessorHost"/> instance.
            </summary> 
        </member>
        <member name="M:Microsoft.ServiceBus.Messaging.PartitionManagerOptions.#ctor">
            <summary>Initializes a new instance of the <see cref="T:Microsoft.ServiceBus.Messaging.PartitionManagerOptions" /> class.</summary>
        </member>
        <member name="P:Microsoft.ServiceBus.Messaging.PartitionManagerOptions.RenewInterval">
            <summary>
            Renew interval for all leases for partitions currently held by <see cref="T:Microsoft.ServiceBus.Messaging.EventProcessorHost"/> instance.
            </summary>
        </member>
        <member name="P:Microsoft.ServiceBus.Messaging.PartitionManagerOptions.AcquireInterval">
            <summary>
            Interval when <see cref="T:Microsoft.ServiceBus.Messaging.EventProcessorHost"/> instance kicks off a task to compute if partitions are distributed evenly
            among known host instances. 
            </summary>
        </member>
        <member name="P:Microsoft.ServiceBus.Messaging.PartitionManagerOptions.LeaseInterval">
            <summary>
            Interval for which the lease is taken on Azure Blob representing an EventHub partition.  If the lease is not renewed within this 
            interval, it will cause it to expire and ownership of the partition will move to another <see cref="T:Microsoft.ServiceBus.Messaging.EventProcessorHost"/> instance.
            </summary>
        </member>
        <member name="P:Microsoft.ServiceBus.Messaging.PartitionManagerOptions.MaxReceiveClients">
            <summary>
            Maximum number of receiver clients created for each host instance. Once the max is reached host will start rebalancing partitions 
            among receiver clients already created.
            </summary>
        </member>
        <member name="P:Microsoft.ServiceBus.Messaging.PartitionManagerOptions.SkipBlobContainerCreation">
            <summary>
            Use this option if you want creation of Blob container for partition leases to happen outside of EventProcessorHost.  This is 
            useful in scenarios where you want to pass in a CloudBlobClient to EventProcessorHost which does not have permissions to create
            storage container.  Default value for this options is 'false'.
            </summary>
        </member>
        <member name="P:Microsoft.ServiceBus.Messaging.PartitionManagerOptions.DefaultOptions">
            <summary>
            Creates an instance of <see cref="T:Microsoft.ServiceBus.Messaging.PartitionManagerOptions"/> with following default values:
                a) RenewInterval = 10 seconds
                b) AcquireInterval = 10 seconds
                c) DefaultLeaseInterval = 30 seconds
                d) MaxReceiveClients = 16,
            </summary>
        </member>
        <member name="T:Microsoft.ServiceBus.Messaging.SR">
             <summary>
                This is a stub for auto-generated resource class, providing GetString function. Usage:
            
                    string s = SR.GetString(SR.MyIdenfitier);
             </summary>
        </member>
        <member name="F:Microsoft.ServiceBus.Messaging.Tracing.MessagingEventSource.Keywords.Diagnostics">
            <summary>
            Use for Diagnostics events
            </summary>
        </member>
        <member name="T:Microsoft.ServiceBus.Messaging.Properties.Resources">
            <summary>
              A strongly-typed resource class, for looking up localized strings, etc.
            </summary>
        </member>
        <member name="P:Microsoft.ServiceBus.Messaging.Properties.Resources.ResourceManager">
            <summary>
              Returns the cached ResourceManager instance used by this class.
            </summary>
        </member>
        <member name="P:Microsoft.ServiceBus.Messaging.Properties.Resources.Culture">
            <summary>
              Overrides the current thread's CurrentUICulture property for all
              resource lookups using this strongly typed resource class.
            </summary>
        </member>
        <member name="P:Microsoft.ServiceBus.Messaging.Properties.Resources.CheckpointNotSupported">
            <summary>
              Looks up a localized string similar to Checkpoint is only supported with BlobLeases..
            </summary>
        </member>
        <member name="P:Microsoft.ServiceBus.Messaging.Properties.Resources.UnsupportedTransportType">
            <summary>
              Looks up a localized string similar to &apos;{0}&apos; is not a supported transport type for EventHubClient used by EventProcessorHost. Use AMQP..
            </summary>
        </member>
    </members>
</doc>
