{
  "id": "/subscriptions/c2397ac1-f8a2-4424-bb35-dc8c93c1a3c7/resourceGroups/LoadBalancer-RG/providers/Microsoft.Resources/deployments/Microsoft.LoadBalancer-20200603174147",
  "name": "Microsoft.LoadBalancer-20200603174147",
  "type": "Microsoft.Resources/deployments",
  "tags": {
    "primaryResourceId": "/subscriptions/c2397ac1-f8a2-4424-bb35-dc8c93c1a3c7/resourcegroups/LoadBalancer-RG/providers/Microsoft.Network/loadBalancers/pvwLoadBalancer",
    "marketplaceItemId": "Microsoft.LoadBalancer"
  },
  "properties": {
    "templateHash": "1937355957615768334",
    "parameters": {
      "name": {
        "type": "String",
        "value": "pvwLoadBalancer"
      },
      "location": {
        "type": "String",
        "value": "westindia"
      },
      "sku": {
        "type": "String",
        "value": "Basic"
      },
      "publicIPAddressName": {
        "type": "String",
        "value": "LoadBalancerPublicIP"
      }
    },
    "mode": "Incremental",
    "debugSetting": {
      "detailLevel": "None"
    },
    "provisioningState": "Running",
    "timestamp": "2020-06-03T12:13:53.9528457Z",
    "duration": "PT0.9256339S",
    "correlationId": "5a11bf06-c57f-4166-9fbd-3bb78fc3564b",
    "providers": [
      {
        "namespace": "Microsoft.Network",
        "resourceTypes": [
          {
            "resourceType": "loadBalancers",
            "locations": [
              "westindia"
            ]
          },
          {
            "resourceType": "publicIPAddresses",
            "locations": [
              "westindia"
            ]
          }
        ]
      }
    ],
    "dependencies": [
      {
        "dependsOn": [
          {
            "id": "/subscriptions/c2397ac1-f8a2-4424-bb35-dc8c93c1a3c7/resourceGroups/LoadBalancer-RG/providers/Microsoft.Network/publicIPAddresses/LoadBalancerPublicIP",
            "resourceType": "Microsoft.Network/publicIPAddresses",
            "resourceName": "LoadBalancerPublicIP"
          }
        ],
        "id": "/subscriptions/c2397ac1-f8a2-4424-bb35-dc8c93c1a3c7/resourceGroups/LoadBalancer-RG/providers/Microsoft.Network/loadBalancers/pvwLoadBalancer",
        "resourceType": "Microsoft.Network/loadBalancers",
        "resourceName": "pvwLoadBalancer"
      }
    ],
    "validationLevel": "Template"
  }
}