{
  "id": "/subscriptions/c2397ac1-f8a2-4424-bb35-dc8c93c1a3c7/resourceGroups/AZ300RG-SouthIndia/providers/Microsoft.Resources/deployments/Microsoft.RecoveryServicesV2",
  "name": "Microsoft.RecoveryServicesV2",
  "type": "Microsoft.Resources/deployments",
  "tags": {
    "primaryResourceId": "/subscriptions/c2397ac1-f8a2-4424-bb35-dc8c93c1a3c7/resourcegroups/AZ300RG-SouthIndia/providers/Microsoft.RecoveryServices/vaults/AzureSiteRecovery",
    "marketplaceItemId": "Microsoft.RecoveryServices"
  },
  "properties": {
    "templateHash": "3053162932619023657",
    "parameters": {
      "name": {
        "type": "String",
        "value": "AzureSiteRecovery"
      },
      "location": {
        "type": "String",
        "value": "southindia"
      },
      "apiVersion": {
        "type": "String",
        "value": "2016-06-01"
      }
    },
    "mode": "Incremental",
    "debugSetting": {
      "detailLevel": "None"
    },
    "provisioningState": "Succeeded",
    "timestamp": "2020-06-03T03:39:14.38382Z",
    "duration": "PT5.6861013S",
    "correlationId": "1e0dda7d-a60a-4c14-938d-963877056fd1",
    "providers": [
      {
        "namespace": "Microsoft.RecoveryServices",
        "resourceTypes": [
          {
            "resourceType": "vaults",
            "locations": [
              "southindia"
            ]
          }
        ]
      }
    ],
    "dependencies": [],
    "outputResources": [
      {
        "id": "/subscriptions/c2397ac1-f8a2-4424-bb35-dc8c93c1a3c7/resourceGroups/AZ300RG-SouthIndia/providers/Microsoft.RecoveryServices/vaults/AzureSiteRecovery"
      }
    ],
    "validationLevel": "Template"
  }
}