{
  "id": "/subscriptions/c2397ac1-f8a2-4424-bb35-dc8c93c1a3c7/resourceGroups/ServerlessRG/providers/Microsoft.Resources/deployments/Microsoft.Web-FunctionApp-Portal-5339f478-affc",
  "name": "Microsoft.Web-FunctionApp-Portal-5339f478-affc",
  "type": "Microsoft.Resources/deployments",
  "tags": {
    "primaryResourceId": "/subscriptions/c2397ac1-f8a2-4424-bb35-dc8c93c1a3c7/resourcegroups/ServerlessRG/providers/Microsoft.Web/sites/pvwFunctionApp",
    "marketplaceItemId": "Microsoft.FunctionApp",
    "provisioningHash": "customize-to-open-functionapp-iframe-blade"
  },
  "properties": {
    "templateHash": "6035296052231266170",
    "parameters": {
      "subscriptionId": {
        "type": "String",
        "value": "c2397ac1-f8a2-4424-bb35-dc8c93c1a3c7"
      },
      "name": {
        "type": "String",
        "value": "pvwFunctionApp"
      },
      "location": {
        "type": "String",
        "value": "West US"
      },
      "hostingEnvironment": {
        "type": "String",
        "value": ""
      },
      "hostingPlanName": {
        "type": "String",
        "value": "ASP-ServerlessRG-8b44"
      },
      "serverFarmResourceGroup": {
        "type": "String",
        "value": "ServerlessRG"
      },
      "alwaysOn": {
        "type": "Bool",
        "value": false
      },
      "storageAccountName": {
        "type": "String",
        "value": "storageaccountserveb9d7"
      },
      "linuxFxVersion": {
        "type": "String",
        "value": "Python|3.7"
      },
      "sku": {
        "type": "String",
        "value": "Dynamic"
      },
      "skuCode": {
        "type": "String",
        "value": "Y1"
      },
      "workerSize": {
        "type": "String",
        "value": "0"
      },
      "workerSizeId": {
        "type": "String",
        "value": "0"
      },
      "numberOfWorkers": {
        "type": "String",
        "value": "1"
      }
    },
    "mode": "Incremental",
    "debugSetting": {
      "detailLevel": "None"
    },
    "provisioningState": "Running",
    "timestamp": "2020-06-03T05:49:39.277725Z",
    "duration": "PT0.9318349S",
    "correlationId": "1b39f248-34a1-4fcf-8536-0e37f7d6312d",
    "providers": [
      {
        "namespace": "Microsoft.Web",
        "resourceTypes": [
          {
            "resourceType": "sites",
            "locations": [
              "westus"
            ]
          },
          {
            "resourceType": "serverfarms",
            "locations": [
              "westus"
            ]
          }
        ]
      },
      {
        "namespace": "microsoft.insights",
        "resourceTypes": [
          {
            "resourceType": "components",
            "locations": [
              "westus"
            ]
          }
        ]
      },
      {
        "namespace": "Microsoft.Storage",
        "resourceTypes": [
          {
            "resourceType": "storageAccounts",
            "locations": [
              "westus"
            ]
          }
        ]
      }
    ],
    "dependencies": [
      {
        "dependsOn": [
          {
            "id": "/subscriptions/c2397ac1-f8a2-4424-bb35-dc8c93c1a3c7/resourceGroups/ServerlessRG/providers/microsoft.insights/components/pvwFunctionApp",
            "resourceType": "microsoft.insights/components",
            "resourceName": "pvwFunctionApp"
          },
          {
            "id": "/subscriptions/c2397ac1-f8a2-4424-bb35-dc8c93c1a3c7/resourceGroups/ServerlessRG/providers/Microsoft.Web/serverfarms/ASP-ServerlessRG-8b44",
            "resourceType": "Microsoft.Web/serverfarms",
            "resourceName": "ASP-ServerlessRG-8b44"
          },
          {
            "id": "/subscriptions/c2397ac1-f8a2-4424-bb35-dc8c93c1a3c7/resourceGroups/ServerlessRG/providers/Microsoft.Storage/storageAccounts/storageaccountserveb9d7",
            "resourceType": "Microsoft.Storage/storageAccounts",
            "resourceName": "storageaccountserveb9d7"
          },
          {
            "id": "/subscriptions/c2397ac1-f8a2-4424-bb35-dc8c93c1a3c7/resourceGroups/ServerlessRG/providers/microsoft.insights/components/pvwFunctionApp",
            "resourceType": "microsoft.insights/components",
            "resourceName": "pvwFunctionApp",
            "apiVersion": "2015-05-01"
          },
          {
            "id": "/subscriptions/c2397ac1-f8a2-4424-bb35-dc8c93c1a3c7/resourceGroups/ServerlessRG/providers/Microsoft.Storage/storageAccounts/storageaccountserveb9d7",
            "resourceType": "Microsoft.Storage/storageAccounts",
            "resourceName": "storageaccountserveb9d7",
            "actionName": "listKeys",
            "apiVersion": "2019-06-01"
          }
        ],
        "id": "/subscriptions/c2397ac1-f8a2-4424-bb35-dc8c93c1a3c7/resourceGroups/ServerlessRG/providers/Microsoft.Web/sites/pvwFunctionApp",
        "resourceType": "Microsoft.Web/sites",
        "resourceName": "pvwFunctionApp"
      }
    ],
    "validationLevel": "Template"
  }
}