{
  "id": "/subscriptions/c2397ac1-f8a2-4424-bb35-dc8c93c1a3c7/resourceGroups/AZ300RG/providers/Microsoft.Resources/deployments/Microsoft.StorageAccount-20200530165835",
  "name": "Microsoft.StorageAccount-20200530165835",
  "type": "Microsoft.Resources/deployments",
  "tags": {
    "primaryResourceId": "/subscriptions/c2397ac1-f8a2-4424-bb35-dc8c93c1a3c7/resourcegroups/AZ300RG/providers/Microsoft.Storage/storageAccounts/pvwstorageaccount",
    "marketplaceItemId": "Microsoft.StorageAccount-ARM"
  },
  "properties": {
    "templateHash": "16380682949036680971",
    "parameters": {
      "location": {
        "type": "String",
        "value": "westindia"
      },
      "storageAccountName": {
        "type": "String",
        "value": "pvwstorageaccount"
      },
      "accountType": {
        "type": "String",
        "value": "Premium_LRS"
      },
      "kind": {
        "type": "String",
        "value": "StorageV2"
      },
      "supportsHttpsTrafficOnly": {
        "type": "Bool",
        "value": true
      }
    },
    "mode": "Incremental",
    "debugSetting": {
      "detailLevel": "None"
    },
    "provisioningState": "Running",
    "timestamp": "2020-05-30T11:34:51.7067926Z",
    "duration": "PT3.9156922S",
    "correlationId": "7e55ea0f-b1c8-407c-b1af-445417d972ce",
    "providers": [
      {
        "namespace": "Microsoft.Storage",
        "resourceTypes": [
          {
            "resourceType": "storageAccounts",
            "locations": [
              "westindia"
            ]
          }
        ]
      }
    ],
    "dependencies": [],
    "validationLevel": "Template"
  }
}