{
  "id": "/subscriptions/c2397ac1-f8a2-4424-bb35-dc8c93c1a3c7/resourceGroups/VMScale-Set-ResourceGroup/providers/Microsoft.Resources/deployments/CreateVm-MicrosoftWindowsServer.WindowsServer-201-20200518142827",
  "name": "CreateVm-MicrosoftWindowsServer.WindowsServer-201-20200518142827",
  "type": "Microsoft.Resources/deployments",
  "tags": {
    "primaryResourceId": "/subscriptions/c2397ac1-f8a2-4424-bb35-dc8c93c1a3c7/resourcegroups/VMScale-Set-ResourceGroup/providers/Microsoft.Compute/virtualMachines/myvm",
    "marketplaceItemId": "Microsoft.VirtualMachine-ARM",
    "provisioningHash": "SolutionProvider"
  },
  "properties": {
    "templateHash": "1100052205441991633",
    "parameters": {
      "location": {
        "type": "String",
        "value": "eastus2"
      },
      "networkInterfaceName": {
        "type": "String",
        "value": "myvm699"
      },
      "networkSecurityGroupName": {
        "type": "String",
        "value": "myvm-nsg"
      },
      "networkSecurityGroupRules": {
        "type": "Array",
        "value": [
          {
            "name": "RDP",
            "properties": {
              "priority": 300,
              "protocol": "TCP",
              "access": "Allow",
              "direction": "Inbound",
              "sourceAddressPrefix": "*",
              "sourcePortRange": "*",
              "destinationAddressPrefix": "*",
              "destinationPortRange": "3389"
            }
          }
        ]
      },
      "subnetName": {
        "type": "String",
        "value": "default"
      },
      "virtualNetworkName": {
        "type": "String",
        "value": "VMScale-Set-ResourceGroup-vnet"
      },
      "addressPrefixes": {
        "type": "Array",
        "value": [
          "10.0.0.0/24"
        ]
      },
      "subnets": {
        "type": "Array",
        "value": [
          {
            "name": "default",
            "properties": {
              "addressPrefix": "10.0.0.0/24"
            }
          }
        ]
      },
      "publicIpAddressName": {
        "type": "String",
        "value": "myvm-ip"
      },
      "publicIpAddressType": {
        "type": "String",
        "value": "Dynamic"
      },
      "publicIpAddressSku": {
        "type": "String",
        "value": "Basic"
      },
      "virtualMachineName": {
        "type": "String",
        "value": "myvm"
      },
      "virtualMachineRG": {
        "type": "String",
        "value": "VMScale-Set-ResourceGroup"
      },
      "osDiskType": {
        "type": "String",
        "value": "StandardSSD_LRS"
      },
      "virtualMachineSize": {
        "type": "String",
        "value": "Standard_D1_v2"
      },
      "adminUsername": {
        "type": "String",
        "value": "PrashantWalunj"
      },
      "adminPassword": {
        "type": "SecureString"
      }
    },
    "mode": "Incremental",
    "debugSetting": {
      "detailLevel": "None"
    },
    "provisioningState": "Running",
    "timestamp": "2020-05-18T09:01:03.1097873Z",
    "duration": "PT4.7775196S",
    "correlationId": "c8bda387-56fa-4bc3-845b-b5242d9c4081",
    "providers": [
      {
        "namespace": "Microsoft.Network",
        "resourceTypes": [
          {
            "resourceType": "networkInterfaces",
            "locations": [
              "eastus2"
            ]
          },
          {
            "resourceType": "networkSecurityGroups",
            "locations": [
              "eastus2"
            ]
          },
          {
            "resourceType": "virtualNetworks",
            "locations": [
              "eastus2"
            ]
          },
          {
            "resourceType": "publicIpAddresses",
            "locations": [
              "eastus2"
            ]
          }
        ]
      },
      {
        "namespace": "Microsoft.Compute",
        "resourceTypes": [
          {
            "resourceType": "virtualMachines",
            "locations": [
              "eastus2"
            ]
          }
        ]
      }
    ],
    "dependencies": [
      {
        "dependsOn": [
          {
            "id": "/subscriptions/c2397ac1-f8a2-4424-bb35-dc8c93c1a3c7/resourceGroups/VMScale-Set-ResourceGroup/providers/Microsoft.Network/networkSecurityGroups/myvm-nsg",
            "resourceType": "Microsoft.Network/networkSecurityGroups",
            "resourceName": "myvm-nsg"
          },
          {
            "id": "/subscriptions/c2397ac1-f8a2-4424-bb35-dc8c93c1a3c7/resourceGroups/VMScale-Set-ResourceGroup/providers/Microsoft.Network/virtualNetworks/VMScale-Set-ResourceGroup-vnet",
            "resourceType": "Microsoft.Network/virtualNetworks",
            "resourceName": "VMScale-Set-ResourceGroup-vnet"
          },
          {
            "id": "/subscriptions/c2397ac1-f8a2-4424-bb35-dc8c93c1a3c7/resourceGroups/VMScale-Set-ResourceGroup/providers/Microsoft.Network/publicIpAddresses/myvm-ip",
            "resourceType": "Microsoft.Network/publicIpAddresses",
            "resourceName": "myvm-ip"
          }
        ],
        "id": "/subscriptions/c2397ac1-f8a2-4424-bb35-dc8c93c1a3c7/resourceGroups/VMScale-Set-ResourceGroup/providers/Microsoft.Network/networkInterfaces/myvm699",
        "resourceType": "Microsoft.Network/networkInterfaces",
        "resourceName": "myvm699"
      },
      {
        "dependsOn": [
          {
            "id": "/subscriptions/c2397ac1-f8a2-4424-bb35-dc8c93c1a3c7/resourceGroups/VMScale-Set-ResourceGroup/providers/Microsoft.Network/networkInterfaces/myvm699",
            "resourceType": "Microsoft.Network/networkInterfaces",
            "resourceName": "myvm699"
          }
        ],
        "id": "/subscriptions/c2397ac1-f8a2-4424-bb35-dc8c93c1a3c7/resourceGroups/VMScale-Set-ResourceGroup/providers/Microsoft.Compute/virtualMachines/myvm",
        "resourceType": "Microsoft.Compute/virtualMachines",
        "resourceName": "myvm"
      }
    ],
    "validationLevel": "Template"
  }
}