{
  "id": "/subscriptions/c2397ac1-f8a2-4424-bb35-dc8c93c1a3c7/resourceGroups/AZ300RG/providers/Microsoft.Resources/deployments/Microsoft.VirtualNetwork-20200601113906",
  "name": "Microsoft.VirtualNetwork-20200601113906",
  "type": "Microsoft.Resources/deployments",
  "tags": {
    "primaryResourceId": "/subscriptions/c2397ac1-f8a2-4424-bb35-dc8c93c1a3c7/resourceGroups/AZ300RG/providers/Microsoft.Network/virtualNetworks/pvwTestVnet",
    "marketplaceItemId": "Microsoft.VirtualNetwork-ARM"
  },
  "properties": {
    "templateHash": "9681289011850884038",
    "parameters": {
      "location": {
        "type": "String",
        "value": "westindia"
      },
      "virtualNetworkName": {
        "type": "String",
        "value": "pvwTestVnet"
      },
      "resourceGroup": {
        "type": "String",
        "value": "AZ300RG"
      },
      "addressSpaces": {
        "type": "Array",
        "value": [
          "10.0.0.0/16"
        ]
      },
      "ipv6Enabled": {
        "type": "Bool",
        "value": false
      },
      "subnetCount": {
        "type": "Int",
        "value": 1
      },
      "subnet0_name": {
        "type": "String",
        "value": "pvwTestVnet-Subnet"
      },
      "subnet0_addressRange": {
        "type": "String",
        "value": "10.0.0.0/24"
      },
      "ddosProtectionPlanEnabled": {
        "type": "Bool",
        "value": false
      },
      "firewallEnabled": {
        "type": "Bool",
        "value": false
      },
      "bastionEnabled": {
        "type": "Bool",
        "value": false
      }
    },
    "mode": "Incremental",
    "debugSetting": {
      "detailLevel": "None"
    },
    "provisioningState": "Running",
    "timestamp": "2020-06-01T06:13:43.7181651Z",
    "duration": "PT4.888291S",
    "correlationId": "04f010e1-0da3-49c2-9480-867ac0516646",
    "providers": [
      {
        "namespace": "Microsoft.Network",
        "resourceTypes": [
          {
            "resourceType": "VirtualNetworks",
            "locations": [
              "westindia"
            ]
          }
        ]
      }
    ],
    "dependencies": [],
    "validationLevel": "Template"
  }
}