{
  "id": "/subscriptions/c2397ac1-f8a2-4424-bb35-dc8c93c1a3c7/resourceGroups/AZ300RG/providers/Microsoft.Resources/deployments/Microsoft.VirtualNetwork-20200601180939",
  "name": "Microsoft.VirtualNetwork-20200601180939",
  "type": "Microsoft.Resources/deployments",
  "tags": {
    "primaryResourceId": "/subscriptions/c2397ac1-f8a2-4424-bb35-dc8c93c1a3c7/resourceGroups/AZ300RG/providers/Microsoft.Network/virtualNetworks/Vnet3",
    "marketplaceItemId": "Microsoft.VirtualNetwork"
  },
  "properties": {
    "templateHash": "1143072849005432254",
    "parameters": {
      "location": {
        "type": "String",
        "value": "eastasia"
      },
      "virtualNetworkName": {
        "type": "String",
        "value": "Vnet3"
      },
      "resourceGroup": {
        "type": "String",
        "value": "AZ300RG"
      },
      "addressSpaces": {
        "type": "Array",
        "value": [
          "10.2.0.0/16"
        ]
      },
      "ipv6Enabled": {
        "type": "Bool",
        "value": false
      },
      "subnetCount": {
        "type": "Int",
        "value": 1
      },
      "subnet0_name": {
        "type": "String",
        "value": "Vnet3-Subnet"
      },
      "subnet0_addressRange": {
        "type": "String",
        "value": "10.2.0.0/24"
      },
      "ddosProtectionPlanEnabled": {
        "type": "Bool",
        "value": false
      },
      "firewallEnabled": {
        "type": "Bool",
        "value": false
      },
      "bastionEnabled": {
        "type": "Bool",
        "value": false
      }
    },
    "mode": "Incremental",
    "debugSetting": {
      "detailLevel": "None"
    },
    "provisioningState": "Running",
    "timestamp": "2020-06-01T12:41:27.3017058Z",
    "duration": "PT4.1783637S",
    "correlationId": "02abd734-ad8b-4716-b7a5-d7cced9d5cf5",
    "providers": [
      {
        "namespace": "Microsoft.Network",
        "resourceTypes": [
          {
            "resourceType": "VirtualNetworks",
            "locations": [
              "eastasia"
            ]
          }
        ]
      }
    ],
    "dependencies": [],
    "validationLevel": "Template"
  }
}