[
  {
    "id": "/subscriptions/c2397ac1-f8a2-4424-bb35-dc8c93c1a3c7/resourceGroups/AZ300-Vnet-RG/providers/Microsoft.Resources/deployments/Microsoft.VirtualNetworkGateway-20200610190239/operations/D6D3E8B6782309B3",
    "operationId": "D6D3E8B6782309B3",
    "properties": {
      "provisioningOperation": "Create",
      "provisioningState": "Running",
      "timestamp": "2020-06-10T13:35:05.2002152Z",
      "duration": "PT0.9657758S",
      "trackingId": "426a8bf9-789e-40ad-a615-87b83cc41dde",
      "statusCode": "Created",
      "targetResource": {
        "id": "/subscriptions/c2397ac1-f8a2-4424-bb35-dc8c93c1a3c7/resourceGroups/AZ300-Vnet-RG/providers/Microsoft.Network/virtualNetworkGateways/ClientGateway",
        "resourceType": "Microsoft.Network/virtualNetworkGateways",
        "resourceName": "ClientGateway"
      }
    }
  },
  {
    "id": "/subscriptions/c2397ac1-f8a2-4424-bb35-dc8c93c1a3c7/resourceGroups/AZ300-Vnet-RG/providers/Microsoft.Resources/deployments/Microsoft.VirtualNetworkGateway-20200610190239/operations/00928EC01DB14E01",
    "operationId": "00928EC01DB14E01",
    "properties": {
      "provisioningOperation": "Create",
      "provisioningState": "Succeeded",
      "timestamp": "2020-06-10T13:35:04.1844835Z",
      "duration": "PT5.3547592S",
      "trackingId": "67a2cd30-5e7c-4780-b457-20a9b132415d",
      "statusCode": "OK",
      "targetResource": {
        "id": "/subscriptions/c2397ac1-f8a2-4424-bb35-dc8c93c1a3c7/resourceGroups/AZ300-Vnet-RG/providers/Microsoft.Network/publicIPAddresses/ClientGatewayPublicIP",
        "resourceType": "Microsoft.Network/publicIPAddresses",
        "resourceName": "ClientGatewayPublicIP"
      }
    }
  },
  {
    "id": "/subscriptions/c2397ac1-f8a2-4424-bb35-dc8c93c1a3c7/resourceGroups/AZ300-Vnet-RG/providers/Microsoft.Resources/deployments/Microsoft.VirtualNetworkGateway-20200610190239/operations/A6FD33C7406DA86C",
    "operationId": "A6FD33C7406DA86C",
    "properties": {
      "provisioningOperation": "Create",
      "provisioningState": "Succeeded",
      "timestamp": "2020-06-10T13:35:03.2309497Z",
      "duration": "PT4.4012254S",
      "trackingId": "27f2e5a4-2354-423a-ab3f-efaafba1e307",
      "statusCode": "OK",
      "targetResource": {
        "id": "/subscriptions/c2397ac1-f8a2-4424-bb35-dc8c93c1a3c7/resourceGroups/AZ300-Vnet-RG/providers/Microsoft.Network/virtualNetworks/ClientNetwork/subnets/GatewaySubnet",
        "resourceType": "Microsoft.Network/virtualNetworks/subnets",
        "resourceName": "ClientNetwork/GatewaySubnet"
      }
    }
  }
]