{
  "id": "/subscriptions/c2397ac1-f8a2-4424-bb35-dc8c93c1a3c7/resourceGroups/AZ300-Vnet-RG/providers/Microsoft.Resources/deployments/Microsoft.VirtualNetworkGateway-20200610190239",
  "name": "Microsoft.VirtualNetworkGateway-20200610190239",
  "type": "Microsoft.Resources/deployments",
  "tags": {
    "primaryResourceId": "/subscriptions/c2397ac1-f8a2-4424-bb35-dc8c93c1a3c7/resourceGroups/AZ300-Vnet-RG/providers/Microsoft.Network/virtualNetworkGateways/ClientGateway",
    "marketplaceItemId": "Microsoft.VirtualNetworkGateway-ARM"
  },
  "properties": {
    "templateHash": "14172507069125568707",
    "parameters": {
      "name": {
        "type": "String",
        "value": "ClientGateway"
      },
      "location": {
        "type": "String",
        "value": "eastus"
      },
      "sku": {
        "type": "String",
        "value": "VpnGw1"
      },
      "gatewayType": {
        "type": "String",
        "value": "Vpn"
      },
      "vpnGatewayGeneration": {
        "type": "String",
        "value": "Generation1"
      },
      "vpnType": {
        "type": "String",
        "value": "RouteBased"
      },
      "existingVirtualNetworkName": {
        "type": "String",
        "value": "ClientNetwork"
      },
      "newSubnetName": {
        "type": "String",
        "value": "GatewaySubnet"
      },
      "subnetAddressPrefix": {
        "type": "String",
        "value": "50.0.1.0/24"
      },
      "newPublicIpAddressName": {
        "type": "String",
        "value": "ClientGatewayPublicIP"
      }
    },
    "mode": "Incremental",
    "debugSetting": {
      "detailLevel": "None"
    },
    "provisioningState": "Running",
    "timestamp": "2020-06-10T13:35:05.1567751Z",
    "duration": "PT6.6643166S",
    "correlationId": "8a06ce40-762b-4547-9b9a-607c774aba37",
    "providers": [
      {
        "namespace": "Microsoft.Network",
        "resourceTypes": [
          {
            "resourceType": "virtualNetworkGateways",
            "locations": [
              "eastus"
            ]
          },
          {
            "resourceType": "virtualNetworks/subnets",
            "locations": [
              "eastus"
            ]
          },
          {
            "resourceType": "publicIPAddresses",
            "locations": [
              "eastus"
            ]
          }
        ]
      }
    ],
    "dependencies": [
      {
        "dependsOn": [
          {
            "id": "/subscriptions/c2397ac1-f8a2-4424-bb35-dc8c93c1a3c7/resourceGroups/AZ300-Vnet-RG/providers/Microsoft.Network/virtualNetworks/ClientNetwork/subnets/GatewaySubnet",
            "resourceType": "Microsoft.Network/virtualNetworks/subnets",
            "resourceName": "ClientNetwork/GatewaySubnet"
          },
          {
            "id": "/subscriptions/c2397ac1-f8a2-4424-bb35-dc8c93c1a3c7/resourceGroups/AZ300-Vnet-RG/providers/Microsoft.Network/publicIPAddresses/ClientGatewayPublicIP",
            "resourceType": "Microsoft.Network/publicIPAddresses",
            "resourceName": "ClientGatewayPublicIP"
          }
        ],
        "id": "/subscriptions/c2397ac1-f8a2-4424-bb35-dc8c93c1a3c7/resourceGroups/AZ300-Vnet-RG/providers/Microsoft.Network/virtualNetworkGateways/ClientGateway",
        "resourceType": "Microsoft.Network/virtualNetworkGateways",
        "resourceName": "ClientGateway"
      }
    ],
    "validationLevel": "Template"
  }
}