{
  "id": "/subscriptions/c2397ac1-f8a2-4424-bb35-dc8c93c1a3c7/resourceGroups/AZ300-RG/providers/Microsoft.Resources/deployments/CreateVmss-Canonical.UbuntuServer-18.04-LTS-20200518132745",
  "name": "CreateVmss-Canonical.UbuntuServer-18.04-LTS-20200518132745",
  "type": "Microsoft.Resources/deployments",
  "tags": {
    "primaryResourceId": "/subscriptions/c2397ac1-f8a2-4424-bb35-dc8c93c1a3c7/resourcegroups/AZ300-RG/providers/Microsoft.Compute/virtualMachineScaleSets/VMSS-set1",
    "marketplaceItemId": "microsoft.vmss"
  },
  "properties": {
    "templateHash": "2007205142272367587",
    "parameters": {
      "location": {
        "type": "String",
        "value": "westindia"
      },
      "virtualMachineScaleSetName": {
        "type": "String",
        "value": "VMSS-set1"
      },
      "virtualMachineScaleSetRG": {
        "type": "String",
        "value": "AZ300-RG"
      },
      "singlePlacementGroup": {
        "type": "String",
        "value": "true"
      },
      "instanceSize": {
        "type": "String",
        "value": "Standard_B1ls"
      },
      "instanceCount": {
        "type": "String",
        "value": "2"
      },
      "upgradeMode": {
        "type": "String",
        "value": "Manual"
      },
      "priority": {
        "type": "String",
        "value": "Regular"
      },
      "enableAcceleratedNetworking": {
        "type": "String",
        "value": "false"
      },
      "subnetId": {
        "type": "String",
        "value": "/subscriptions/cf2deb86-affb-4ba9-8848-ec9428335fa2/resourceGroups/cczTest/providers/Microsoft.Network/virtualNetworks/cczTest-vnet/subnets/default"
      },
      "osDiskType": {
        "type": "String",
        "value": "Standard_LRS"
      },
      "addressPrefixes": {
        "type": "Array",
        "value": [
          "10.0.1.0/24"
        ]
      },
      "subnets": {
        "type": "Array",
        "value": [
          {
            "name": "default",
            "properties": {
              "addressPrefix": "10.0.1.0/24"
            }
          }
        ]
      },
      "virtualNetworkId": {
        "type": "String",
        "value": "/subscriptions/c2397ac1-f8a2-4424-bb35-dc8c93c1a3c7/resourceGroups/AZ300-RG/providers/Microsoft.Network/virtualNetworks/AZ300RGvnet181"
      },
      "virtualNetworkName": {
        "type": "String",
        "value": "AZ300RGvnet181"
      },
      "networkSecurityGroups": {
        "type": "Array",
        "value": [
          {
            "name": "basicNsgAZ300RGvnet181-nic01",
            "id": "/subscriptions/c2397ac1-f8a2-4424-bb35-dc8c93c1a3c7/resourceGroups/AZ300-RG/providers/Microsoft.Network/networkSecurityGroups/basicNsgAZ300RGvnet181-nic01",
            "rules": []
          }
        ]
      },
      "networkInterfaceConfigurations": {
        "type": "Array",
        "value": [
          {
            "name": "AZ300RGvnet181-nic01",
            "primary": true,
            "subnetId": "/subscriptions/c2397ac1-f8a2-4424-bb35-dc8c93c1a3c7/resourceGroups/AZ300-RG/providers/Microsoft.Network/virtualNetworks/AZ300RGvnet181/subnets/default",
            "applicationGatewayBackendAddressPools": [],
            "loadBalancerBackendAddressPools": [
              {
                "id": "[parameters('backendPoolId')]"
              }
            ],
            "applicationSecurityGroups": [],
            "loadBalancerInboundNatPools": [
              {
                "id": "[parameters('inboundNatPoolId')]"
              }
            ],
            "enableAcceleratedNetworking": false,
            "nsgName": "basicNsgAZ300RGvnet181-nic01",
            "nsgId": "/subscriptions/c2397ac1-f8a2-4424-bb35-dc8c93c1a3c7/resourceGroups/AZ300-RG/providers/Microsoft.Network/networkSecurityGroups/basicNsgAZ300RGvnet181-nic01",
            "pipName": ""
          }
        ]
      },
      "publicIpAddressName": {
        "type": "String",
        "value": "VMSS-set1-ip"
      },
      "backendPoolName": {
        "type": "String",
        "value": "bepool"
      },
      "backendPoolId": {
        "type": "String",
        "value": "/subscriptions/c2397ac1-f8a2-4424-bb35-dc8c93c1a3c7/resourceGroups/AZ300-RG/providers/Microsoft.Network/loadBalancers/VMSS-set1-lb/backendAddressPools/bepool"
      },
      "loadBalancerName": {
        "type": "String",
        "value": "VMSS-set1-lb"
      },
      "inboundNatPoolId": {
        "type": "String",
        "value": "/subscriptions/c2397ac1-f8a2-4424-bb35-dc8c93c1a3c7/resourceGroups/AZ300-RG/providers/Microsoft.Network/loadBalancers/VMSS-set1-lb/inboundNatPools/natpool"
      },
      "vmName": {
        "type": "String",
        "value": "VMSS-set1"
      },
      "scaleInPolicy": {
        "type": "Object",
        "value": {
          "rules": [
            "Default"
          ]
        }
      },
      "diagnosticStorageAccount": {
        "type": "String",
        "value": "/subscriptions/c2397ac1-f8a2-4424-bb35-dc8c93c1a3c7/resourceGroups/AZ300-RG/providers/Microsoft.Storage/storageAccounts/az300rgdiag746"
      },
      "upgradePolicy": {
        "type": "String",
        "value": "Manual"
      },
      "adminUsername": {
        "type": "String",
        "value": "PrashantWalunj"
      },
      "adminPassword": {
        "type": "SecureString"
      },
      "autoScaleDefault": {
        "type": "String",
        "value": "1"
      },
      "autoScaleMin": {
        "type": "String",
        "value": "1"
      },
      "autoScaleMax": {
        "type": "String",
        "value": "10"
      },
      "scaleOutCPUPercentageThreshold": {
        "type": "String",
        "value": "75"
      },
      "durationTimeWindow": {
        "type": "String",
        "value": "10"
      },
      "scaleOutInterval": {
        "type": "String",
        "value": "1"
      },
      "scaleInCPUPercentageThreshold": {
        "type": "String",
        "value": "25"
      },
      "scaleInInterval": {
        "type": "String",
        "value": "1"
      },
      "platformFaultDomainCount": {
        "type": "String",
        "value": "5"
      }
    },
    "mode": "Incremental",
    "debugSetting": {
      "detailLevel": "None"
    },
    "provisioningState": "Succeeded",
    "timestamp": "2020-05-18T08:07:20.8074777Z",
    "duration": "PT1M26.6301678S",
    "correlationId": "4d79a46c-104f-4138-bf75-b52d9dec0309",
    "providers": [
      {
        "namespace": "Microsoft.Network",
        "resourceTypes": [
          {
            "resourceType": "virtualNetworks",
            "locations": [
              "westindia"
            ]
          },
          {
            "resourceType": "publicIPAddresses",
            "locations": [
              "westindia"
            ]
          },
          {
            "resourceType": "loadBalancers",
            "locations": [
              "westindia"
            ]
          },
          {
            "resourceType": "networkSecurityGroups",
            "locations": [
              "westindia"
            ]
          }
        ]
      },
      {
        "namespace": "Microsoft.Insights",
        "resourceTypes": [
          {
            "resourceType": "autoscaleSettings",
            "locations": [
              "westindia"
            ]
          }
        ]
      },
      {
        "namespace": "Microsoft.Compute",
        "resourceTypes": [
          {
            "resourceType": "virtualMachineScaleSets",
            "locations": [
              "westindia"
            ]
          }
        ]
      }
    ],
    "dependencies": [
      {
        "dependsOn": [
          {
            "id": "/subscriptions/c2397ac1-f8a2-4424-bb35-dc8c93c1a3c7/resourceGroups/AZ300-RG/providers/Microsoft.Network/publicIPAddresses/VMSS-set1-ip",
            "resourceType": "Microsoft.Network/publicIPAddresses",
            "resourceName": "VMSS-set1-ip"
          }
        ],
        "id": "/subscriptions/c2397ac1-f8a2-4424-bb35-dc8c93c1a3c7/resourceGroups/AZ300-RG/providers/Microsoft.Network/loadBalancers/VMSS-set1-lb",
        "resourceType": "Microsoft.Network/loadBalancers",
        "resourceName": "VMSS-set1-lb"
      },
      {
        "dependsOn": [
          {
            "id": "/subscriptions/c2397ac1-f8a2-4424-bb35-dc8c93c1a3c7/resourceGroups/AZ300-RG/providers/Microsoft.Compute/virtualMachineScaleSets/VMSS-set1",
            "resourceType": "Microsoft.Compute/virtualMachineScaleSets",
            "resourceName": "VMSS-set1"
          }
        ],
        "id": "/subscriptions/c2397ac1-f8a2-4424-bb35-dc8c93c1a3c7/resourceGroups/AZ300-RG/providers/Microsoft.Insights/autoscaleSettings/VMSS-set1autoscale",
        "resourceType": "Microsoft.Insights/autoscaleSettings",
        "resourceName": "VMSS-set1autoscale"
      },
      {
        "dependsOn": [
          {
            "id": "/subscriptions/c2397ac1-f8a2-4424-bb35-dc8c93c1a3c7/resourceGroups/AZ300-RG/providers/Microsoft.Network/virtualNetworks/AZ300RGvnet181",
            "resourceType": "Microsoft.Network/virtualNetworks",
            "resourceName": "AZ300RGvnet181"
          },
          {
            "id": "/subscriptions/c2397ac1-f8a2-4424-bb35-dc8c93c1a3c7/resourceGroups/AZ300-RG/providers/Microsoft.Network/networkSecurityGroups/basicNsgAZ300RGvnet181-nic01",
            "resourceType": "Microsoft.Network/networkSecurityGroups",
            "resourceName": "basicNsgAZ300RGvnet181-nic01"
          },
          {
            "id": "/subscriptions/c2397ac1-f8a2-4424-bb35-dc8c93c1a3c7/resourceGroups/AZ300-RG/providers/Microsoft.Network/loadBalancers/VMSS-set1-lb",
            "resourceType": "Microsoft.Network/loadBalancers",
            "resourceName": "VMSS-set1-lb"
          },
          {
            "id": "/subscriptions/c2397ac1-f8a2-4424-bb35-dc8c93c1a3c7/resourceGroups/AZ300-RG/providers/Microsoft.Storage/storageAccounts/az300rgdiag746",
            "resourceType": "Microsoft.Storage/storageAccounts",
            "resourceName": "az300rgdiag746",
            "apiVersion": "2019-06-01"
          }
        ],
        "id": "/subscriptions/c2397ac1-f8a2-4424-bb35-dc8c93c1a3c7/resourceGroups/AZ300-RG/providers/Microsoft.Compute/virtualMachineScaleSets/VMSS-set1",
        "resourceType": "Microsoft.Compute/virtualMachineScaleSets",
        "resourceName": "VMSS-set1"
      }
    ],
    "outputs": {
      "adminUsername": {
        "type": "String",
        "value": "PrashantWalunj"
      }
    },
    "outputResources": [
      {
        "id": "/subscriptions/c2397ac1-f8a2-4424-bb35-dc8c93c1a3c7/resourceGroups/AZ300-RG/providers/Microsoft.Compute/virtualMachineScaleSets/VMSS-set1"
      },
      {
        "id": "/subscriptions/c2397ac1-f8a2-4424-bb35-dc8c93c1a3c7/resourceGroups/AZ300-RG/providers/Microsoft.Insights/autoscaleSettings/VMSS-set1autoscale"
      },
      {
        "id": "/subscriptions/c2397ac1-f8a2-4424-bb35-dc8c93c1a3c7/resourceGroups/AZ300-RG/providers/Microsoft.Network/loadBalancers/VMSS-set1-lb"
      },
      {
        "id": "/subscriptions/c2397ac1-f8a2-4424-bb35-dc8c93c1a3c7/resourceGroups/AZ300-RG/providers/Microsoft.Network/networkSecurityGroups/basicNsgAZ300RGvnet181-nic01"
      },
      {
        "id": "/subscriptions/c2397ac1-f8a2-4424-bb35-dc8c93c1a3c7/resourceGroups/AZ300-RG/providers/Microsoft.Network/publicIPAddresses/VMSS-set1-ip"
      },
      {
        "id": "/subscriptions/c2397ac1-f8a2-4424-bb35-dc8c93c1a3c7/resourceGroups/AZ300-RG/providers/Microsoft.Network/virtualNetworks/AZ300RGvnet181"
      }
    ],
    "validationLevel": "Template"
  }
}