[
  {
    "id": "/subscriptions/c2397ac1-f8a2-4424-bb35-dc8c93c1a3c7/resourceGroups/AZ300-RG/providers/Microsoft.Resources/deployments/CreateVmss-Canonical.UbuntuServer-18.04-LTS-20200518132745/operations/D04A965DC385AE35",
    "operationId": "D04A965DC385AE35",
    "properties": {
      "provisioningOperation": "Create",
      "provisioningState": "Succeeded",
      "timestamp": "2020-05-18T08:07:20.655041Z",
      "duration": "PT6.0302558S",
      "trackingId": "46cf2e7a-96ab-4942-b92f-1fbae1c8c216",
      "statusCode": "Created",
      "targetResource": {
        "id": "/subscriptions/c2397ac1-f8a2-4424-bb35-dc8c93c1a3c7/resourceGroups/AZ300-RG/providers/Microsoft.Insights/autoscaleSettings/VMSS-set1autoscale",
        "resourceType": "Microsoft.Insights/autoscaleSettings",
        "resourceName": "VMSS-set1autoscale"
      }
    }
  },
  {
    "id": "/subscriptions/c2397ac1-f8a2-4424-bb35-dc8c93c1a3c7/resourceGroups/AZ300-RG/providers/Microsoft.Resources/deployments/CreateVmss-Canonical.UbuntuServer-18.04-LTS-20200518132745/operations/1B0EA402BD665484",
    "operationId": "1B0EA402BD665484",
    "properties": {
      "provisioningOperation": "Create",
      "provisioningState": "Succeeded",
      "timestamp": "2020-05-18T08:07:14.5771236Z",
      "duration": "PT57.5832068S",
      "trackingId": "9e8357f8-4f61-48af-b89f-fc665e3abbc6",
      "statusCode": "OK",
      "targetResource": {
        "id": "/subscriptions/c2397ac1-f8a2-4424-bb35-dc8c93c1a3c7/resourceGroups/AZ300-RG/providers/Microsoft.Compute/virtualMachineScaleSets/VMSS-set1",
        "resourceType": "Microsoft.Compute/virtualMachineScaleSets",
        "resourceName": "VMSS-set1"
      }
    }
  },
  {
    "id": "/subscriptions/c2397ac1-f8a2-4424-bb35-dc8c93c1a3c7/resourceGroups/AZ300-RG/providers/Microsoft.Resources/deployments/CreateVmss-Canonical.UbuntuServer-18.04-LTS-20200518132745/operations/30B577F5DC96DD4C",
    "operationId": "30B577F5DC96DD4C",
    "properties": {
      "provisioningOperation": "Create",
      "provisioningState": "Succeeded",
      "timestamp": "2020-05-18T08:06:16.9570383Z",
      "duration": "PT1.8459382S",
      "trackingId": "58d803c6-b2a6-46cd-96ab-792cf31af058",
      "statusCode": "Created",
      "targetResource": {
        "id": "/subscriptions/c2397ac1-f8a2-4424-bb35-dc8c93c1a3c7/resourceGroups/AZ300-RG/providers/Microsoft.Network/loadBalancers/VMSS-set1-lb",
        "resourceType": "Microsoft.Network/loadBalancers",
        "resourceName": "VMSS-set1-lb"
      }
    }
  },
  {
    "id": "/subscriptions/c2397ac1-f8a2-4424-bb35-dc8c93c1a3c7/resourceGroups/AZ300-RG/providers/Microsoft.Resources/deployments/CreateVmss-Canonical.UbuntuServer-18.04-LTS-20200518132745/operations/BBE6D5FDEACD84FF",
    "operationId": "BBE6D5FDEACD84FF",
    "properties": {
      "provisioningOperation": "Create",
      "provisioningState": "Succeeded",
      "timestamp": "2020-05-18T08:05:58.8438401Z",
      "duration": "PT3.7531201S",
      "trackingId": "959697fd-0294-4aa4-80f1-4f6a666bda72",
      "statusCode": "OK",
      "targetResource": {
        "id": "/subscriptions/c2397ac1-f8a2-4424-bb35-dc8c93c1a3c7/resourceGroups/AZ300-RG/providers/Microsoft.Network/virtualNetworks/AZ300RGvnet181",
        "resourceType": "Microsoft.Network/virtualNetworks",
        "resourceName": "AZ300RGvnet181"
      }
    }
  },
  {
    "id": "/subscriptions/c2397ac1-f8a2-4424-bb35-dc8c93c1a3c7/resourceGroups/AZ300-RG/providers/Microsoft.Resources/deployments/CreateVmss-Canonical.UbuntuServer-18.04-LTS-20200518132745/operations/5A1BDA230B9B6F1E",
    "operationId": "5A1BDA230B9B6F1E",
    "properties": {
      "provisioningOperation": "Create",
      "provisioningState": "Succeeded",
      "timestamp": "2020-05-18T08:06:15.036217Z",
      "duration": "PT19.945497S",
      "trackingId": "a4f2b3b9-808e-4e3e-b439-ab9004015d46",
      "statusCode": "OK",
      "targetResource": {
        "id": "/subscriptions/c2397ac1-f8a2-4424-bb35-dc8c93c1a3c7/resourceGroups/AZ300-RG/providers/Microsoft.Network/publicIPAddresses/VMSS-set1-ip",
        "resourceType": "Microsoft.Network/publicIPAddresses",
        "resourceName": "VMSS-set1-ip"
      }
    }
  },
  {
    "id": "/subscriptions/c2397ac1-f8a2-4424-bb35-dc8c93c1a3c7/resourceGroups/AZ300-RG/providers/Microsoft.Resources/deployments/CreateVmss-Canonical.UbuntuServer-18.04-LTS-20200518132745/operations/7B55D82E4A2C9D66",
    "operationId": "7B55D82E4A2C9D66",
    "properties": {
      "provisioningOperation": "Create",
      "provisioningState": "Succeeded",
      "timestamp": "2020-05-18T08:06:01.2906028Z",
      "duration": "PT6.1998828S",
      "trackingId": "cf76923b-f3a7-4c7e-a777-477f13a7fe4b",
      "statusCode": "OK",
      "targetResource": {
        "id": "/subscriptions/c2397ac1-f8a2-4424-bb35-dc8c93c1a3c7/resourceGroups/AZ300-RG/providers/Microsoft.Network/networkSecurityGroups/basicNsgAZ300RGvnet181-nic01",
        "resourceType": "Microsoft.Network/networkSecurityGroups",
        "resourceName": "basicNsgAZ300RGvnet181-nic01"
      }
    }
  },
  {
    "id": "/subscriptions/c2397ac1-f8a2-4424-bb35-dc8c93c1a3c7/resourceGroups/AZ300-RG/providers/Microsoft.Resources/deployments/CreateVmss-Canonical.UbuntuServer-18.04-LTS-20200518132745/operations/F6C4CB2CD392971B",
    "operationId": "F6C4CB2CD392971B",
    "properties": {
      "provisioningOperation": "Read",
      "provisioningState": "Succeeded",
      "timestamp": "2020-05-18T08:05:55.2440718Z",
      "duration": "PT0.1533518S",
      "trackingId": "0c28f8db-31da-4d22-917f-2f5f7d677758",
      "statusCode": "OK",
      "targetResource": {
        "id": "/subscriptions/c2397ac1-f8a2-4424-bb35-dc8c93c1a3c7/resourceGroups/AZ300-RG/providers/Microsoft.Storage/storageAccounts/az300rgdiag746",
        "resourceType": "Microsoft.Storage/storageAccounts",
        "resourceName": "az300rgdiag746",
        "apiVersion": "2019-06-01"
      }
    }
  },
  {
    "id": "/subscriptions/c2397ac1-f8a2-4424-bb35-dc8c93c1a3c7/resourceGroups/AZ300-RG/providers/Microsoft.Resources/deployments/CreateVmss-Canonical.UbuntuServer-18.04-LTS-20200518132745/operations/08586118177313003979",
    "operationId": "08586118177313003979",
    "properties": {
      "provisioningOperation": "EvaluateDeploymentOutput",
      "provisioningState": "Succeeded",
      "timestamp": "2020-05-18T08:07:20.7812027Z",
      "duration": "PT0.0918213S",
      "trackingId": "ffd3904a-0c07-4905-88a8-c9d403025dee",
      "statusCode": "OK",
      "statusMessage": null
    }
  }
]