{
  "id": "/subscriptions/c2397ac1-f8a2-4424-bb35-dc8c93c1a3c7/resourceGroups/LoadBalancer-RG/providers/Microsoft.Resources/deployments/CreateVm-Canonical.UbuntuServer-18.04-LTS-20200603180339",
  "name": "CreateVm-Canonical.UbuntuServer-18.04-LTS-20200603180339",
  "type": "Microsoft.Resources/deployments",
  "tags": {
    "primaryResourceId": "/subscriptions/c2397ac1-f8a2-4424-bb35-dc8c93c1a3c7/resourcegroups/LoadBalancer-RG/providers/Microsoft.Compute/virtualMachines/LBVM1",
    "marketplaceItemId": "Microsoft.VirtualMachine",
    "provisioningHash": "SolutionProvider"
  },
  "properties": {
    "templateHash": "9131677812266767267",
    "parameters": {
      "location": {
        "type": "String",
        "value": "westindia"
      },
      "networkInterfaceName": {
        "type": "String",
        "value": "lbvm1327"
      },
      "networkSecurityGroupName": {
        "type": "String",
        "value": "LBVM1-nsg"
      },
      "networkSecurityGroupRules": {
        "type": "Array",
        "value": [
          {
            "name": "SSH",
            "properties": {
              "priority": 300,
              "protocol": "TCP",
              "access": "Allow",
              "direction": "Inbound",
              "sourceAddressPrefix": "*",
              "sourcePortRange": "*",
              "destinationAddressPrefix": "*",
              "destinationPortRange": "22"
            }
          }
        ]
      },
      "subnetName": {
        "type": "String",
        "value": "default"
      },
      "virtualNetworkName": {
        "type": "String",
        "value": "LoadBalancer-RG-vnet"
      },
      "addressPrefixes": {
        "type": "Array",
        "value": [
          "10.0.0.0/24"
        ]
      },
      "subnets": {
        "type": "Array",
        "value": [
          {
            "name": "default",
            "properties": {
              "addressPrefix": "10.0.0.0/24"
            }
          }
        ]
      },
      "publicIpAddressName": {
        "type": "String",
        "value": "LBVM1-ip"
      },
      "publicIpAddressType": {
        "type": "String",
        "value": "Dynamic"
      },
      "publicIpAddressSku": {
        "type": "String",
        "value": "Basic"
      },
      "virtualMachineName": {
        "type": "String",
        "value": "LBVM1"
      },
      "virtualMachineRG": {
        "type": "String",
        "value": "LoadBalancer-RG"
      },
      "osDiskType": {
        "type": "String",
        "value": "Standard_LRS"
      },
      "virtualMachineSize": {
        "type": "String",
        "value": "Standard_B1ls"
      },
      "adminUsername": {
        "type": "String",
        "value": "PrashantWalunj"
      },
      "adminPassword": {
        "type": "SecureString"
      },
      "diagnosticsStorageAccountName": {
        "type": "String",
        "value": "loadbalancerrgdiag814"
      },
      "diagnosticsStorageAccountId": {
        "type": "String",
        "value": "Microsoft.Storage/storageAccounts/loadbalancerrgdiag814"
      },
      "diagnosticsStorageAccountType": {
        "type": "String",
        "value": "Standard_LRS"
      },
      "diagnosticsStorageAccountKind": {
        "type": "String",
        "value": "Storage"
      },
      "availabilitySetName": {
        "type": "String",
        "value": "LBVM1-AvaibilitySet"
      },
      "availabilitySetPlatformFaultDomainCount": {
        "type": "Int",
        "value": 2
      },
      "availabilitySetPlatformUpdateDomainCount": {
        "type": "Int",
        "value": 5
      }
    },
    "mode": "Incremental",
    "debugSetting": {
      "detailLevel": "None"
    },
    "provisioningState": "Succeeded",
    "timestamp": "2020-06-03T12:38:35.5224294Z",
    "duration": "PT1M29.9623676S",
    "correlationId": "bef5f1ef-953a-4ca6-8977-b683efda5328",
    "providers": [
      {
        "namespace": "Microsoft.Network",
        "resourceTypes": [
          {
            "resourceType": "networkInterfaces",
            "locations": [
              "westindia"
            ]
          },
          {
            "resourceType": "networkSecurityGroups",
            "locations": [
              "westindia"
            ]
          },
          {
            "resourceType": "virtualNetworks",
            "locations": [
              "westindia"
            ]
          },
          {
            "resourceType": "publicIpAddresses",
            "locations": [
              "westindia"
            ]
          }
        ]
      },
      {
        "namespace": "Microsoft.Compute",
        "resourceTypes": [
          {
            "resourceType": "virtualMachines",
            "locations": [
              "westindia"
            ]
          },
          {
            "resourceType": "availabilitySets",
            "locations": [
              "westindia"
            ]
          }
        ]
      },
      {
        "namespace": "Microsoft.Storage",
        "resourceTypes": [
          {
            "resourceType": "storageAccounts",
            "locations": [
              "westindia"
            ]
          }
        ]
      }
    ],
    "dependencies": [
      {
        "dependsOn": [
          {
            "id": "/subscriptions/c2397ac1-f8a2-4424-bb35-dc8c93c1a3c7/resourceGroups/LoadBalancer-RG/providers/Microsoft.Network/networkSecurityGroups/LBVM1-nsg",
            "resourceType": "Microsoft.Network/networkSecurityGroups",
            "resourceName": "LBVM1-nsg"
          },
          {
            "id": "/subscriptions/c2397ac1-f8a2-4424-bb35-dc8c93c1a3c7/resourceGroups/LoadBalancer-RG/providers/Microsoft.Network/virtualNetworks/LoadBalancer-RG-vnet",
            "resourceType": "Microsoft.Network/virtualNetworks",
            "resourceName": "LoadBalancer-RG-vnet"
          },
          {
            "id": "/subscriptions/c2397ac1-f8a2-4424-bb35-dc8c93c1a3c7/resourceGroups/LoadBalancer-RG/providers/Microsoft.Network/publicIpAddresses/LBVM1-ip",
            "resourceType": "Microsoft.Network/publicIpAddresses",
            "resourceName": "LBVM1-ip"
          }
        ],
        "id": "/subscriptions/c2397ac1-f8a2-4424-bb35-dc8c93c1a3c7/resourceGroups/LoadBalancer-RG/providers/Microsoft.Network/networkInterfaces/lbvm1327",
        "resourceType": "Microsoft.Network/networkInterfaces",
        "resourceName": "lbvm1327"
      },
      {
        "dependsOn": [
          {
            "id": "/subscriptions/c2397ac1-f8a2-4424-bb35-dc8c93c1a3c7/resourceGroups/LoadBalancer-RG/providers/Microsoft.Network/networkInterfaces/lbvm1327",
            "resourceType": "Microsoft.Network/networkInterfaces",
            "resourceName": "lbvm1327"
          },
          {
            "id": "/subscriptions/c2397ac1-f8a2-4424-bb35-dc8c93c1a3c7/resourceGroups/LoadBalancer-RG/providers/Microsoft.Storage/storageAccounts/loadbalancerrgdiag814",
            "resourceType": "Microsoft.Storage/storageAccounts",
            "resourceName": "loadbalancerrgdiag814"
          },
          {
            "id": "/subscriptions/c2397ac1-f8a2-4424-bb35-dc8c93c1a3c7/resourceGroups/LoadBalancer-RG/providers/Microsoft.Compute/availabilitySets/LBVM1-AvaibilitySet",
            "resourceType": "Microsoft.Compute/availabilitySets",
            "resourceName": "LBVM1-AvaibilitySet"
          }
        ],
        "id": "/subscriptions/c2397ac1-f8a2-4424-bb35-dc8c93c1a3c7/resourceGroups/LoadBalancer-RG/providers/Microsoft.Compute/virtualMachines/LBVM1",
        "resourceType": "Microsoft.Compute/virtualMachines",
        "resourceName": "LBVM1"
      }
    ],
    "outputs": {
      "adminUsername": {
        "type": "String",
        "value": "PrashantWalunj"
      }
    },
    "outputResources": [
      {
        "id": "/subscriptions/c2397ac1-f8a2-4424-bb35-dc8c93c1a3c7/resourceGroups/LoadBalancer-RG/providers/Microsoft.Compute/availabilitySets/LBVM1-AvaibilitySet"
      },
      {
        "id": "/subscriptions/c2397ac1-f8a2-4424-bb35-dc8c93c1a3c7/resourceGroups/LoadBalancer-RG/providers/Microsoft.Compute/virtualMachines/LBVM1"
      },
      {
        "id": "/subscriptions/c2397ac1-f8a2-4424-bb35-dc8c93c1a3c7/resourceGroups/LoadBalancer-RG/providers/Microsoft.Network/networkInterfaces/lbvm1327"
      },
      {
        "id": "/subscriptions/c2397ac1-f8a2-4424-bb35-dc8c93c1a3c7/resourceGroups/LoadBalancer-RG/providers/Microsoft.Network/networkSecurityGroups/LBVM1-nsg"
      },
      {
        "id": "/subscriptions/c2397ac1-f8a2-4424-bb35-dc8c93c1a3c7/resourceGroups/LoadBalancer-RG/providers/Microsoft.Network/publicIpAddresses/LBVM1-ip"
      },
      {
        "id": "/subscriptions/c2397ac1-f8a2-4424-bb35-dc8c93c1a3c7/resourceGroups/LoadBalancer-RG/providers/Microsoft.Network/virtualNetworks/LoadBalancer-RG-vnet"
      },
      {
        "id": "/subscriptions/c2397ac1-f8a2-4424-bb35-dc8c93c1a3c7/resourceGroups/LoadBalancer-RG/providers/Microsoft.Storage/storageAccounts/loadbalancerrgdiag814"
      }
    ],
    "validationLevel": "Template"
  }
}