[
  {
    "id": "/subscriptions/c2397ac1-f8a2-4424-bb35-dc8c93c1a3c7/resourceGroups/LoadBalancer-RG/providers/Microsoft.Resources/deployments/CreateVm-Canonical.UbuntuServer-18.04-LTS-20200603180339/operations/770230B683F5F0A2",
    "operationId": "770230B683F5F0A2",
    "properties": {
      "provisioningOperation": "Create",
      "provisioningState": "Succeeded",
      "timestamp": "2020-06-03T12:38:35.3003393Z",
      "duration": "PT1M6.7692888S",
      "trackingId": "34b5f709-706d-4362-83a5-870c37e0190e",
      "statusCode": "OK",
      "targetResource": {
        "id": "/subscriptions/c2397ac1-f8a2-4424-bb35-dc8c93c1a3c7/resourceGroups/LoadBalancer-RG/providers/Microsoft.Compute/virtualMachines/LBVM1",
        "resourceType": "Microsoft.Compute/virtualMachines",
        "resourceName": "LBVM1"
      }
    }
  },
  {
    "id": "/subscriptions/c2397ac1-f8a2-4424-bb35-dc8c93c1a3c7/resourceGroups/LoadBalancer-RG/providers/Microsoft.Resources/deployments/CreateVm-Canonical.UbuntuServer-18.04-LTS-20200603180339/operations/52110818B90F573A",
    "operationId": "52110818B90F573A",
    "properties": {
      "provisioningOperation": "Create",
      "provisioningState": "Succeeded",
      "timestamp": "2020-06-03T12:37:12.5076057Z",
      "duration": "PT0.7287217S",
      "trackingId": "4ed57620-e54c-49c6-b12d-55019f3d7bef",
      "statusCode": "Created",
      "targetResource": {
        "id": "/subscriptions/c2397ac1-f8a2-4424-bb35-dc8c93c1a3c7/resourceGroups/LoadBalancer-RG/providers/Microsoft.Network/networkInterfaces/lbvm1327",
        "resourceType": "Microsoft.Network/networkInterfaces",
        "resourceName": "lbvm1327"
      }
    }
  },
  {
    "id": "/subscriptions/c2397ac1-f8a2-4424-bb35-dc8c93c1a3c7/resourceGroups/LoadBalancer-RG/providers/Microsoft.Resources/deployments/CreateVm-Canonical.UbuntuServer-18.04-LTS-20200603180339/operations/F322F8A28F14E7B4",
    "operationId": "F322F8A28F14E7B4",
    "properties": {
      "provisioningOperation": "Create",
      "provisioningState": "Succeeded",
      "timestamp": "2020-06-03T12:37:28.5050124Z",
      "duration": "PT22.0612072S",
      "trackingId": "d573d688-637c-466c-ab9a-1ec3411d8792",
      "statusCode": "OK",
      "targetResource": {
        "id": "/subscriptions/c2397ac1-f8a2-4424-bb35-dc8c93c1a3c7/resourceGroups/LoadBalancer-RG/providers/Microsoft.Storage/storageAccounts/loadbalancerrgdiag814",
        "resourceType": "Microsoft.Storage/storageAccounts",
        "resourceName": "loadbalancerrgdiag814"
      }
    }
  },
  {
    "id": "/subscriptions/c2397ac1-f8a2-4424-bb35-dc8c93c1a3c7/resourceGroups/LoadBalancer-RG/providers/Microsoft.Resources/deployments/CreateVm-Canonical.UbuntuServer-18.04-LTS-20200603180339/operations/213F412C34010CCB",
    "operationId": "213F412C34010CCB",
    "properties": {
      "provisioningOperation": "Create",
      "provisioningState": "Succeeded",
      "timestamp": "2020-06-03T12:37:09.333706Z",
      "duration": "PT2.8899008S",
      "trackingId": "a1961bc8-1344-4a26-9812-4761a0fda3c3",
      "statusCode": "OK",
      "targetResource": {
        "id": "/subscriptions/c2397ac1-f8a2-4424-bb35-dc8c93c1a3c7/resourceGroups/LoadBalancer-RG/providers/Microsoft.Network/virtualNetworks/LoadBalancer-RG-vnet",
        "resourceType": "Microsoft.Network/virtualNetworks",
        "resourceName": "LoadBalancer-RG-vnet"
      }
    }
  },
  {
    "id": "/subscriptions/c2397ac1-f8a2-4424-bb35-dc8c93c1a3c7/resourceGroups/LoadBalancer-RG/providers/Microsoft.Resources/deployments/CreateVm-Canonical.UbuntuServer-18.04-LTS-20200603180339/operations/FF1B10D40619EB1F",
    "operationId": "FF1B10D40619EB1F",
    "properties": {
      "provisioningOperation": "Create",
      "provisioningState": "Succeeded",
      "timestamp": "2020-06-03T12:37:11.1918008Z",
      "duration": "PT4.7479956S",
      "trackingId": "369eae48-d496-4e44-90fe-9e1feb987afa",
      "statusCode": "OK",
      "targetResource": {
        "id": "/subscriptions/c2397ac1-f8a2-4424-bb35-dc8c93c1a3c7/resourceGroups/LoadBalancer-RG/providers/Microsoft.Network/networkSecurityGroups/LBVM1-nsg",
        "resourceType": "Microsoft.Network/networkSecurityGroups",
        "resourceName": "LBVM1-nsg"
      }
    }
  },
  {
    "id": "/subscriptions/c2397ac1-f8a2-4424-bb35-dc8c93c1a3c7/resourceGroups/LoadBalancer-RG/providers/Microsoft.Resources/deployments/CreateVm-Canonical.UbuntuServer-18.04-LTS-20200603180339/operations/DEB4C9F30D718213",
    "operationId": "DEB4C9F30D718213",
    "properties": {
      "provisioningOperation": "Create",
      "provisioningState": "Succeeded",
      "timestamp": "2020-06-03T12:37:07.6244561Z",
      "duration": "PT1.1806509S",
      "trackingId": "07178c42-930b-4ccc-a6d1-a002c0dc94a4",
      "statusCode": "OK",
      "targetResource": {
        "id": "/subscriptions/c2397ac1-f8a2-4424-bb35-dc8c93c1a3c7/resourceGroups/LoadBalancer-RG/providers/Microsoft.Compute/availabilitySets/LBVM1-AvaibilitySet",
        "resourceType": "Microsoft.Compute/availabilitySets",
        "resourceName": "LBVM1-AvaibilitySet"
      }
    }
  },
  {
    "id": "/subscriptions/c2397ac1-f8a2-4424-bb35-dc8c93c1a3c7/resourceGroups/LoadBalancer-RG/providers/Microsoft.Resources/deployments/CreateVm-Canonical.UbuntuServer-18.04-LTS-20200603180339/operations/B5AAAD54CB971B25",
    "operationId": "B5AAAD54CB971B25",
    "properties": {
      "provisioningOperation": "Create",
      "provisioningState": "Succeeded",
      "timestamp": "2020-06-03T12:37:11.7504717Z",
      "duration": "PT5.3066665S",
      "trackingId": "e21e0f0b-6829-4c36-a035-8825a647590e",
      "statusCode": "OK",
      "targetResource": {
        "id": "/subscriptions/c2397ac1-f8a2-4424-bb35-dc8c93c1a3c7/resourceGroups/LoadBalancer-RG/providers/Microsoft.Network/publicIpAddresses/LBVM1-ip",
        "resourceType": "Microsoft.Network/publicIpAddresses",
        "resourceName": "LBVM1-ip"
      }
    }
  },
  {
    "id": "/subscriptions/c2397ac1-f8a2-4424-bb35-dc8c93c1a3c7/resourceGroups/LoadBalancer-RG/providers/Microsoft.Resources/deployments/CreateVm-Canonical.UbuntuServer-18.04-LTS-20200603180339/operations/08586104190599176351",
    "operationId": "08586104190599176351",
    "properties": {
      "provisioningOperation": "EvaluateDeploymentOutput",
      "provisioningState": "Succeeded",
      "timestamp": "2020-06-03T12:38:35.4920248Z",
      "duration": "PT0.105089S",
      "trackingId": "78d8951f-85ad-41d8-9dbc-b70caea57754",
      "statusCode": "OK",
      "statusMessage": null
    }
  }
]