{
  "id": "/subscriptions/c2397ac1-f8a2-4424-bb35-dc8c93c1a3c7/resourceGroups/LoadBalancer-RG/providers/Microsoft.Resources/deployments/CreateVm-Canonical.UbuntuServer-18.04-LTS-20200603180712",
  "name": "CreateVm-Canonical.UbuntuServer-18.04-LTS-20200603180712",
  "type": "Microsoft.Resources/deployments",
  "tags": {
    "primaryResourceId": "/subscriptions/c2397ac1-f8a2-4424-bb35-dc8c93c1a3c7/resourcegroups/LoadBalancer-RG/providers/Microsoft.Compute/virtualMachines/LBVM2",
    "marketplaceItemId": "Microsoft.VirtualMachine",
    "provisioningHash": "SolutionProvider"
  },
  "properties": {
    "templateHash": "8248336906663382761",
    "parameters": {
      "location": {
        "type": "String",
        "value": "westindia"
      },
      "networkInterfaceName": {
        "type": "String",
        "value": "lbvm2305"
      },
      "networkSecurityGroupName": {
        "type": "String",
        "value": "LBVM2-nsg"
      },
      "networkSecurityGroupRules": {
        "type": "Array",
        "value": [
          {
            "name": "SSH",
            "properties": {
              "priority": 300,
              "protocol": "TCP",
              "access": "Allow",
              "direction": "Inbound",
              "sourceAddressPrefix": "*",
              "sourcePortRange": "*",
              "destinationAddressPrefix": "*",
              "destinationPortRange": "22"
            }
          }
        ]
      },
      "subnetName": {
        "type": "String",
        "value": "default"
      },
      "virtualNetworkId": {
        "type": "String",
        "value": "/subscriptions/c2397ac1-f8a2-4424-bb35-dc8c93c1a3c7/resourceGroups/LoadBalancer-RG/providers/Microsoft.Network/virtualNetworks/LoadBalancer-RG-vnet"
      },
      "publicIpAddressName": {
        "type": "String",
        "value": "LBVM2-ip"
      },
      "publicIpAddressType": {
        "type": "String",
        "value": "Dynamic"
      },
      "publicIpAddressSku": {
        "type": "String",
        "value": "Basic"
      },
      "virtualMachineName": {
        "type": "String",
        "value": "LBVM2"
      },
      "virtualMachineRG": {
        "type": "String",
        "value": "LoadBalancer-RG"
      },
      "osDiskType": {
        "type": "String",
        "value": "Standard_LRS"
      },
      "virtualMachineSize": {
        "type": "String",
        "value": "Standard_B1ls"
      },
      "adminUsername": {
        "type": "String",
        "value": "PrashantWalunj"
      },
      "adminPassword": {
        "type": "SecureString"
      },
      "diagnosticsStorageAccountName": {
        "type": "String",
        "value": "loadbalancerrgdiag814"
      },
      "diagnosticsStorageAccountId": {
        "type": "String",
        "value": "/subscriptions/c2397ac1-f8a2-4424-bb35-dc8c93c1a3c7/resourceGroups/LoadBalancer-RG/providers/Microsoft.Storage/storageAccounts/loadbalancerrgdiag814"
      },
      "availabilitySetName": {
        "type": "String",
        "value": "LBVM1-AvaibilitySet"
      }
    },
    "mode": "Incremental",
    "debugSetting": {
      "detailLevel": "None"
    },
    "provisioningState": "Succeeded",
    "timestamp": "2020-06-03T12:40:29.557058Z",
    "duration": "PT1M38.8665614S",
    "correlationId": "9068a12a-5a75-4534-9ac6-d22c06838390",
    "providers": [
      {
        "namespace": "Microsoft.Network",
        "resourceTypes": [
          {
            "resourceType": "networkInterfaces",
            "locations": [
              "westindia"
            ]
          },
          {
            "resourceType": "networkSecurityGroups",
            "locations": [
              "westindia"
            ]
          },
          {
            "resourceType": "publicIpAddresses",
            "locations": [
              "westindia"
            ]
          }
        ]
      },
      {
        "namespace": "Microsoft.Compute",
        "resourceTypes": [
          {
            "resourceType": "virtualMachines",
            "locations": [
              "westindia"
            ]
          }
        ]
      }
    ],
    "dependencies": [
      {
        "dependsOn": [
          {
            "id": "/subscriptions/c2397ac1-f8a2-4424-bb35-dc8c93c1a3c7/resourceGroups/LoadBalancer-RG/providers/Microsoft.Network/networkSecurityGroups/LBVM2-nsg",
            "resourceType": "Microsoft.Network/networkSecurityGroups",
            "resourceName": "LBVM2-nsg"
          },
          {
            "id": "/subscriptions/c2397ac1-f8a2-4424-bb35-dc8c93c1a3c7/resourceGroups/LoadBalancer-RG/providers/Microsoft.Network/publicIpAddresses/LBVM2-ip",
            "resourceType": "Microsoft.Network/publicIpAddresses",
            "resourceName": "LBVM2-ip"
          }
        ],
        "id": "/subscriptions/c2397ac1-f8a2-4424-bb35-dc8c93c1a3c7/resourceGroups/LoadBalancer-RG/providers/Microsoft.Network/networkInterfaces/lbvm2305",
        "resourceType": "Microsoft.Network/networkInterfaces",
        "resourceName": "lbvm2305"
      },
      {
        "dependsOn": [
          {
            "id": "/subscriptions/c2397ac1-f8a2-4424-bb35-dc8c93c1a3c7/resourceGroups/LoadBalancer-RG/providers/Microsoft.Network/networkInterfaces/lbvm2305",
            "resourceType": "Microsoft.Network/networkInterfaces",
            "resourceName": "lbvm2305"
          }
        ],
        "id": "/subscriptions/c2397ac1-f8a2-4424-bb35-dc8c93c1a3c7/resourceGroups/LoadBalancer-RG/providers/Microsoft.Compute/virtualMachines/LBVM2",
        "resourceType": "Microsoft.Compute/virtualMachines",
        "resourceName": "LBVM2"
      }
    ],
    "outputs": {
      "adminUsername": {
        "type": "String",
        "value": "PrashantWalunj"
      }
    },
    "outputResources": [
      {
        "id": "/subscriptions/c2397ac1-f8a2-4424-bb35-dc8c93c1a3c7/resourceGroups/LoadBalancer-RG/providers/Microsoft.Compute/virtualMachines/LBVM2"
      },
      {
        "id": "/subscriptions/c2397ac1-f8a2-4424-bb35-dc8c93c1a3c7/resourceGroups/LoadBalancer-RG/providers/Microsoft.Network/networkInterfaces/lbvm2305"
      },
      {
        "id": "/subscriptions/c2397ac1-f8a2-4424-bb35-dc8c93c1a3c7/resourceGroups/LoadBalancer-RG/providers/Microsoft.Network/networkSecurityGroups/LBVM2-nsg"
      },
      {
        "id": "/subscriptions/c2397ac1-f8a2-4424-bb35-dc8c93c1a3c7/resourceGroups/LoadBalancer-RG/providers/Microsoft.Network/publicIpAddresses/LBVM2-ip"
      }
    ],
    "validationLevel": "Template"
  }
}