[
  {
    "id": "/subscriptions/c2397ac1-f8a2-4424-bb35-dc8c93c1a3c7/resourceGroups/LoadBalancer-RG/providers/Microsoft.Resources/deployments/CreateVm-Canonical.UbuntuServer-18.04-LTS-20200603180712/operations/E254387E386147A6",
    "operationId": "E254387E386147A6",
    "properties": {
      "provisioningOperation": "Create",
      "provisioningState": "Succeeded",
      "timestamp": "2020-06-03T12:40:29.4618409Z",
      "duration": "PT1M28.8222963S",
      "trackingId": "a16a4288-e0da-46c4-8441-698b854d1925",
      "statusCode": "OK",
      "targetResource": {
        "id": "/subscriptions/c2397ac1-f8a2-4424-bb35-dc8c93c1a3c7/resourceGroups/LoadBalancer-RG/providers/Microsoft.Compute/virtualMachines/LBVM2",
        "resourceType": "Microsoft.Compute/virtualMachines",
        "resourceName": "LBVM2"
      }
    }
  },
  {
    "id": "/subscriptions/c2397ac1-f8a2-4424-bb35-dc8c93c1a3c7/resourceGroups/LoadBalancer-RG/providers/Microsoft.Resources/deployments/CreateVm-Canonical.UbuntuServer-18.04-LTS-20200603180712/operations/814E375B075EE740",
    "operationId": "814E375B075EE740",
    "properties": {
      "provisioningOperation": "Create",
      "provisioningState": "Succeeded",
      "timestamp": "2020-06-03T12:39:00.6164526Z",
      "duration": "PT0.7666284S",
      "trackingId": "ce8bb9bf-3441-47a3-b165-82e0e5e59597",
      "statusCode": "Created",
      "targetResource": {
        "id": "/subscriptions/c2397ac1-f8a2-4424-bb35-dc8c93c1a3c7/resourceGroups/LoadBalancer-RG/providers/Microsoft.Network/networkInterfaces/lbvm2305",
        "resourceType": "Microsoft.Network/networkInterfaces",
        "resourceName": "lbvm2305"
      }
    }
  },
  {
    "id": "/subscriptions/c2397ac1-f8a2-4424-bb35-dc8c93c1a3c7/resourceGroups/LoadBalancer-RG/providers/Microsoft.Resources/deployments/CreateVm-Canonical.UbuntuServer-18.04-LTS-20200603180712/operations/8D5E64908B7F968C",
    "operationId": "8D5E64908B7F968C",
    "properties": {
      "provisioningOperation": "Create",
      "provisioningState": "Succeeded",
      "timestamp": "2020-06-03T12:38:59.811302Z",
      "duration": "PT6.7583878S",
      "trackingId": "31fea168-6c0e-4713-92bc-892b6d1e4068",
      "statusCode": "OK",
      "targetResource": {
        "id": "/subscriptions/c2397ac1-f8a2-4424-bb35-dc8c93c1a3c7/resourceGroups/LoadBalancer-RG/providers/Microsoft.Network/networkSecurityGroups/LBVM2-nsg",
        "resourceType": "Microsoft.Network/networkSecurityGroups",
        "resourceName": "LBVM2-nsg"
      }
    }
  },
  {
    "id": "/subscriptions/c2397ac1-f8a2-4424-bb35-dc8c93c1a3c7/resourceGroups/LoadBalancer-RG/providers/Microsoft.Resources/deployments/CreateVm-Canonical.UbuntuServer-18.04-LTS-20200603180712/operations/26A5FEDD10774775",
    "operationId": "26A5FEDD10774775",
    "properties": {
      "provisioningOperation": "Create",
      "provisioningState": "Succeeded",
      "timestamp": "2020-06-03T12:38:55.1366093Z",
      "duration": "PT2.0836951S",
      "trackingId": "a7afd21f-b9e6-4e3a-bd91-cfc82f6bd1f5",
      "statusCode": "OK",
      "targetResource": {
        "id": "/subscriptions/c2397ac1-f8a2-4424-bb35-dc8c93c1a3c7/resourceGroups/LoadBalancer-RG/providers/Microsoft.Network/publicIpAddresses/LBVM2-ip",
        "resourceType": "Microsoft.Network/publicIpAddresses",
        "resourceName": "LBVM2-ip"
      }
    }
  },
  {
    "id": "/subscriptions/c2397ac1-f8a2-4424-bb35-dc8c93c1a3c7/resourceGroups/LoadBalancer-RG/providers/Microsoft.Resources/deployments/CreateVm-Canonical.UbuntuServer-18.04-LTS-20200603180712/operations/08586104189547871701",
    "operationId": "08586104189547871701",
    "properties": {
      "provisioningOperation": "EvaluateDeploymentOutput",
      "provisioningState": "Succeeded",
      "timestamp": "2020-06-03T12:40:29.5410382Z",
      "duration": "PT0.0479271S",
      "trackingId": "7d197eac-ec9f-407a-9692-5cb5816da71f",
      "statusCode": "OK",
      "statusMessage": null
    }
  }
]