[
  {
    "id": "/subscriptions/c2397ac1-f8a2-4424-bb35-dc8c93c1a3c7/resourceGroups/AG-RG/providers/Microsoft.Resources/deployments/Microsoft.ApplicationGateway-20200604102057/operations/0B1DC104DB65A21D",
    "operationId": "0B1DC104DB65A21D",
    "properties": {
      "provisioningOperation": "Create",
      "provisioningState": "Running",
      "timestamp": "2020-06-04T05:04:42.3969777Z",
      "duration": "PT0.362358S",
      "trackingId": "4d13e6b0-a45e-4b6b-aa08-74004c4b022f",
      "statusCode": "Created",
      "targetResource": {
        "id": "/subscriptions/c2397ac1-f8a2-4424-bb35-dc8c93c1a3c7/resourceGroups/AG-RG/providers/Microsoft.Network/publicIPAddresses/FrontEndPublicIP",
        "resourceType": "Microsoft.Network/publicIPAddresses",
        "resourceName": "FrontEndPublicIP"
      }
    }
  }
]