{
  "id": "/subscriptions/c2397ac1-f8a2-4424-bb35-dc8c93c1a3c7/resourceGroups/AG-RG/providers/Microsoft.Resources/deployments/Microsoft.ApplicationGateway-20200604102057",
  "name": "Microsoft.ApplicationGateway-20200604102057",
  "type": "Microsoft.Resources/deployments",
  "tags": {
    "marketplaceItemId": "Microsoft.ApplicationGateway"
  },
  "properties": {
    "templateHash": "5265829751405325236",
    "parameters": {
      "location": {
        "type": "String",
        "value": "westindia"
      },
      "applicationGatewayName": {
        "type": "String",
        "value": "pvwAG"
      },
      "tier": {
        "type": "String",
        "value": "Standard_v2"
      },
      "skuSize": {
        "type": "String",
        "value": "Standard_v2"
      },
      "capacity": {
        "type": "Int",
        "value": 0
      },
      "subnetName": {
        "type": "String",
        "value": "AGVnet-Subnet2"
      },
      "zones": {
        "type": "Array",
        "value": []
      },
      "publicIpAddressName": {
        "type": "String",
        "value": "FrontEndPublicIP"
      },
      "sku": {
        "type": "String",
        "value": "Standard"
      },
      "allocationMethod": {
        "type": "String",
        "value": "Static"
      },
      "publicIpZones": {
        "type": "Array",
        "value": []
      },
      "autoScaleMaxCapacity": {
        "type": "Int",
        "value": 10
      }
    },
    "mode": "Incremental",
    "debugSetting": {
      "detailLevel": "None"
    },
    "provisioningState": "Running",
    "timestamp": "2020-06-04T05:04:42.3707212Z",
    "duration": "PT0.8059733S",
    "correlationId": "aeca03c6-eb40-42e8-a7a1-4bf8469ea3e1",
    "providers": [
      {
        "namespace": "Microsoft.Network",
        "resourceTypes": [
          {
            "resourceType": "applicationGateways",
            "locations": [
              "westindia"
            ]
          },
          {
            "resourceType": "publicIPAddresses",
            "locations": [
              "westindia"
            ]
          }
        ]
      },
      {
        "namespace": "Microsoft.Resources",
        "resourceTypes": [
          {
            "resourceType": "deployments",
            "locations": [
              null
            ]
          }
        ]
      }
    ],
    "dependencies": [
      {
        "dependsOn": [
          {
            "id": "/subscriptions/c2397ac1-f8a2-4424-bb35-dc8c93c1a3c7/resourceGroups/AG-RG/providers/Microsoft.Network/publicIPAddresses/FrontEndPublicIP",
            "resourceType": "Microsoft.Network/publicIPAddresses",
            "resourceName": "FrontEndPublicIP"
          }
        ],
        "id": "/subscriptions/c2397ac1-f8a2-4424-bb35-dc8c93c1a3c7/resourceGroups/AG-RG/providers/Microsoft.Network/applicationGateways/pvwAG",
        "resourceType": "Microsoft.Network/applicationGateways",
        "resourceName": "pvwAG"
      },
      {
        "dependsOn": [
          {
            "id": "/subscriptions/c2397ac1-f8a2-4424-bb35-dc8c93c1a3c7/resourceGroups/AG-RG/providers/Microsoft.Network/applicationGateways/pvwAG",
            "resourceType": "Microsoft.Network/applicationGateways",
            "resourceName": "pvwAG"
          }
        ],
        "id": "/subscriptions/c2397ac1-f8a2-4424-bb35-dc8c93c1a3c7/resourceGroups/AG-RG/providers/Microsoft.Resources/deployments/agvm1990-20200604103440",
        "resourceType": "Microsoft.Resources/deployments",
        "resourceName": "agvm1990-20200604103440"
      },
      {
        "dependsOn": [
          {
            "id": "/subscriptions/c2397ac1-f8a2-4424-bb35-dc8c93c1a3c7/resourceGroups/AG-RG/providers/Microsoft.Network/applicationGateways/pvwAG",
            "resourceType": "Microsoft.Network/applicationGateways",
            "resourceName": "pvwAG"
          }
        ],
        "id": "/subscriptions/c2397ac1-f8a2-4424-bb35-dc8c93c1a3c7/resourceGroups/AG-RG/providers/Microsoft.Resources/deployments/agvm261-20200604103440",
        "resourceType": "Microsoft.Resources/deployments",
        "resourceName": "agvm261-20200604103440"
      },
      {
        "dependsOn": [
          {
            "id": "/subscriptions/c2397ac1-f8a2-4424-bb35-dc8c93c1a3c7/resourceGroups/AG-RG/providers/Microsoft.Network/applicationGateways/pvwAG",
            "resourceType": "Microsoft.Network/applicationGateways",
            "resourceName": "pvwAG"
          }
        ],
        "id": "/subscriptions/c2397ac1-f8a2-4424-bb35-dc8c93c1a3c7/resourceGroups/AG-RG/providers/Microsoft.Resources/deployments/agvm3629-20200604103440",
        "resourceType": "Microsoft.Resources/deployments",
        "resourceName": "agvm3629-20200604103440"
      }
    ],
    "validationLevel": "Template"
  }
}