[
  {
    "id": "/subscriptions/c2397ac1-f8a2-4424-bb35-dc8c93c1a3c7/resourceGroups/AZ300-AppServices/providers/Microsoft.Resources/deployments/Microsoft.Web-WebApp-Portal-517902f7-8738/operations/98F6B4730E359653",
    "operationId": "98F6B4730E359653",
    "properties": {
      "provisioningOperation": "Create",
      "provisioningState": "Succeeded",
      "timestamp": "2020-06-05T14:27:27.8758328Z",
      "duration": "PT19.3959717S",
      "trackingId": "c72be3e7-17b1-45dc-a3b4-3f8a92e4b4c9",
      "statusCode": "OK",
      "targetResource": {
        "id": "/subscriptions/c2397ac1-f8a2-4424-bb35-dc8c93c1a3c7/resourceGroups/AZ300-AppServices/providers/Microsoft.Web/sites/pvwContainerWebApp",
        "resourceType": "Microsoft.Web/sites",
        "resourceName": "pvwContainerWebApp"
      }
    }
  },
  {
    "id": "/subscriptions/c2397ac1-f8a2-4424-bb35-dc8c93c1a3c7/resourceGroups/AZ300-AppServices/providers/Microsoft.Resources/deployments/Microsoft.Web-WebApp-Portal-517902f7-8738/operations/08586102396612040035",
    "operationId": "08586102396612040035",
    "properties": {
      "provisioningOperation": "EvaluateDeploymentOutput",
      "provisioningState": "Succeeded",
      "timestamp": "2020-06-05T14:27:27.9392211Z",
      "duration": "PT0.0385753S",
      "trackingId": "84f0e2b3-59f5-46e1-8de0-2a7d41a19cf4",
      "statusCode": "OK",
      "statusMessage": null
    }
  }
]