{
  "id": "/subscriptions/c2397ac1-f8a2-4424-bb35-dc8c93c1a3c7/resourceGroups/AZ300-AppServices/providers/Microsoft.Resources/deployments/Microsoft.Web-WebApp-Portal-517902f7-8738",
  "name": "Microsoft.Web-WebApp-Portal-517902f7-8738",
  "type": "Microsoft.Resources/deployments",
  "tags": {
    "primaryResourceId": "/subscriptions/c2397ac1-f8a2-4424-bb35-dc8c93c1a3c7/resourcegroups/AZ300-AppServices/providers/Microsoft.Web/sites/pvwContainerWebApp",
    "marketplaceItemId": "Microsoft.WebSite"
  },
  "properties": {
    "templateHash": "5869136438082406886",
    "parameters": {
      "subscriptionId": {
        "type": "String",
        "value": "c2397ac1-f8a2-4424-bb35-dc8c93c1a3c7"
      },
      "name": {
        "type": "String",
        "value": "pvwContainerWebApp"
      },
      "location": {
        "type": "String",
        "value": "West US"
      },
      "hostingEnvironment": {
        "type": "String",
        "value": ""
      },
      "hostingPlanName": {
        "type": "String",
        "value": "ASP-AZ300AppServices-bb38"
      },
      "serverFarmResourceGroup": {
        "type": "String",
        "value": "AZ300-AppServices"
      },
      "alwaysOn": {
        "type": "Bool",
        "value": false
      },
      "linuxFxVersion": {
        "type": "String",
        "value": "DOCKER|nginx"
      },
      "dockerRegistryUrl": {
        "type": "String",
        "value": "https://index.docker.io"
      },
      "dockerRegistryUsername": {
        "type": "String",
        "value": ""
      },
      "dockerRegistryPassword": {
        "type": "SecureString"
      },
      "dockerRegistryStartupCommand": {
        "type": "String",
        "value": ""
      }
    },
    "mode": "Incremental",
    "debugSetting": {
      "detailLevel": "None"
    },
    "provisioningState": "Succeeded",
    "timestamp": "2020-06-05T14:27:27.9579011Z",
    "duration": "PT23.6842798S",
    "correlationId": "760df950-8079-4dbe-9bd3-15f809c7da85",
    "providers": [
      {
        "namespace": "Microsoft.Web",
        "resourceTypes": [
          {
            "resourceType": "sites",
            "locations": [
              "westus"
            ]
          }
        ]
      }
    ],
    "dependencies": [],
    "outputResources": [
      {
        "id": "/subscriptions/c2397ac1-f8a2-4424-bb35-dc8c93c1a3c7/resourceGroups/AZ300-AppServices/providers/Microsoft.Web/sites/pvwContainerWebApp"
      }
    ],
    "validationLevel": "Template"
  }
}