[
  {
    "id": "/subscriptions/c2397ac1-f8a2-4424-bb35-dc8c93c1a3c7/resourceGroups/AZ300-RG/providers/Microsoft.Resources/deployments/AZ300-DiskEncryption/operations/F93BC458491F858A",
    "operationId": "F93BC458491F858A",
    "properties": {
      "provisioningOperation": "Create",
      "provisioningState": "Succeeded",
      "timestamp": "2020-05-28T04:39:30.4921017Z",
      "duration": "PT18.7028297S",
      "trackingId": "c14bf5d0-724e-460a-855e-f3a1a95c202e",
      "statusCode": "OK",
      "targetResource": {
        "id": "/subscriptions/c2397ac1-f8a2-4424-bb35-dc8c93c1a3c7/resourceGroups/AZ300-RG/providers/Microsoft.KeyVault/vaults/AZ300-DiskEncryption",
        "resourceType": "Microsoft.KeyVault/vaults",
        "resourceName": "AZ300-DiskEncryption"
      }
    }
  },
  {
    "id": "/subscriptions/c2397ac1-f8a2-4424-bb35-dc8c93c1a3c7/resourceGroups/AZ300-RG/providers/Microsoft.Resources/deployments/AZ300-DiskEncryption/operations/08586109661359854436",
    "operationId": "08586109661359854436",
    "properties": {
      "provisioningOperation": "EvaluateDeploymentOutput",
      "provisioningState": "Succeeded",
      "timestamp": "2020-05-28T04:39:30.5631976Z",
      "duration": "PT0.0389075S",
      "trackingId": "c2cf2076-0633-42e4-8a41-922399c2eb1e",
      "statusCode": "OK",
      "statusMessage": null
    }
  }
]