{
  "id": "/subscriptions/c2397ac1-f8a2-4424-bb35-dc8c93c1a3c7/resourceGroups/AZ300-RG/providers/Microsoft.Resources/deployments/AZ300-DiskEncryption",
  "name": "AZ300-DiskEncryption",
  "type": "Microsoft.Resources/deployments",
  "tags": {
    "primaryResourceId": "/subscriptions/c2397ac1-f8a2-4424-bb35-dc8c93c1a3c7/resourceGroups/AZ300-RG/providers/Microsoft.KeyVault/vaults/AZ300-DiskEncryption",
    "marketplaceItemId": "Microsoft.KeyVault"
  },
  "properties": {
    "templateHash": "1862333277051076882",
    "parameters": {
      "name": {
        "type": "String",
        "value": "AZ300-DiskEncryption"
      },
      "location": {
        "type": "String",
        "value": "westindia"
      },
      "sku": {
        "type": "String",
        "value": "Standard"
      },
      "accessPolicies": {
        "type": "Array",
        "value": [
          {
            "objectId": "c2467441-d708-455d-977e-5285faa0f67b",
            "tenantId": "e3cfe8e5-93c8-4e4f-9653-258a273af9f2",
            "permissions": {
              "keys": [
                "Get",
                "List",
                "Update",
                "Create",
                "Import",
                "Delete",
                "Recover",
                "Backup",
                "Restore"
              ],
              "secrets": [
                "Get",
                "List",
                "Set",
                "Delete",
                "Recover",
                "Backup",
                "Restore"
              ],
              "certificates": [
                "Get",
                "List",
                "Update",
                "Create",
                "Import",
                "Delete",
                "Recover",
                "Backup",
                "Restore",
                "ManageContacts",
                "ManageIssuers",
                "GetIssuers",
                "ListIssuers",
                "SetIssuers",
                "DeleteIssuers"
              ]
            }
          }
        ]
      },
      "tenant": {
        "type": "String",
        "value": "e3cfe8e5-93c8-4e4f-9653-258a273af9f2"
      },
      "enabledForDeployment": {
        "type": "Bool",
        "value": false
      },
      "enabledForTemplateDeployment": {
        "type": "Bool",
        "value": false
      },
      "enabledForDiskEncryption": {
        "type": "Bool",
        "value": false
      },
      "enableRbacAuthorization": {
        "type": "Bool",
        "value": false
      },
      "enableSoftDelete": {
        "type": "Bool",
        "value": true
      },
      "softDeleteRetentionInDays": {
        "type": "Int",
        "value": 90
      },
      "networkAcls": {
        "type": "Object",
        "value": {
          "defaultAction": "allow",
          "bypass": "AzureServices",
          "ipRules": [],
          "virtualNetworkRules": []
        }
      }
    },
    "mode": "Incremental",
    "debugSetting": {
      "detailLevel": "None"
    },
    "provisioningState": "Succeeded",
    "timestamp": "2020-05-28T04:39:30.578697Z",
    "duration": "PT21.0865103S",
    "correlationId": "21bb9713-693f-4ffd-a089-be870294ab2d",
    "providers": [
      {
        "namespace": "Microsoft.KeyVault",
        "resourceTypes": [
          {
            "resourceType": "vaults",
            "locations": [
              "westindia"
            ]
          }
        ]
      }
    ],
    "dependencies": [],
    "outputs": {},
    "outputResources": [
      {
        "id": "/subscriptions/c2397ac1-f8a2-4424-bb35-dc8c93c1a3c7/resourceGroups/AZ300-RG/providers/Microsoft.KeyVault/vaults/AZ300-DiskEncryption"
      }
    ],
    "validationLevel": "Template"
  }
}