{
  "id": "/subscriptions/c2397ac1-f8a2-4424-bb35-dc8c93c1a3c7/resourceGroups/AzureDB-RG/providers/Microsoft.Resources/deployments/Microsoft.Azure.CosmosDB-20200607140542",
  "name": "Microsoft.Azure.CosmosDB-20200607140542",
  "type": "Microsoft.Resources/deployments",
  "tags": {
    "primaryResourceId": "/subscriptions/c2397ac1-f8a2-4424-bb35-dc8c93c1a3c7/resourcegroups/AzureDB-RG/providers/Microsoft.DocumentDB/databaseAccounts/pvwcosmosdb",
    "marketplaceItemId": "Microsoft.DocumentDB"
  },
  "properties": {
    "templateHash": "2278399480864464635",
    "parameters": {
      "name": {
        "type": "String",
        "value": "pvwcosmosdb"
      },
      "location": {
        "type": "String",
        "value": "westus"
      },
      "locationName": {
        "type": "String",
        "value": "West US"
      },
      "defaultExperience": {
        "type": "String",
        "value": "Core (SQL)"
      },
      "isZoneRedundant": {
        "type": "String",
        "value": "false"
      }
    },
    "mode": "Incremental",
    "debugSetting": {
      "detailLevel": "None"
    },
    "provisioningState": "Running",
    "timestamp": "2020-06-07T08:44:15.1369885Z",
    "duration": "PT1M26.0582172S",
    "correlationId": "73789d47-8927-47c1-9fa5-43039a861c03",
    "providers": [
      {
        "namespace": "Microsoft.DocumentDb",
        "resourceTypes": [
          {
            "resourceType": "databaseAccounts",
            "locations": [
              "westus"
            ]
          }
        ]
      }
    ],
    "dependencies": [],
    "validationLevel": "Template"
  }
}