[
  {
    "id": "/subscriptions/c2397ac1-f8a2-4424-bb35-dc8c93c1a3c7/resourceGroups/AzureDB-RG/providers/Microsoft.Resources/deployments/Microsoft.Azure.CosmosDB-20200607140542/operations/4FE7E9E1EB263750",
    "operationId": "4FE7E9E1EB263750",
    "properties": {
      "provisioningOperation": "Create",
      "provisioningState": "Running",
      "timestamp": "2020-06-07T08:44:15.1578157Z",
      "duration": "PT1M25.1073115S",
      "trackingId": "93787221-dce2-4b00-8c1e-40191c52ec4c",
      "statusCode": "OK",
      "targetResource": {
        "id": "/subscriptions/c2397ac1-f8a2-4424-bb35-dc8c93c1a3c7/resourceGroups/AzureDB-RG/providers/Microsoft.DocumentDb/databaseAccounts/pvwcosmosdb",
        "resourceType": "Microsoft.DocumentDb/databaseAccounts",
        "resourceName": "pvwcosmosdb"
      }
    }
  }
]