[
  {
    "id": "/subscriptions/c2397ac1-f8a2-4424-bb35-dc8c93c1a3c7/resourceGroups/VMScale-Set-ResourceGroup/providers/Microsoft.Resources/deployments/CreateVmss-MicrosoftWindowsServer.WindowsServer-2-20200518153559/operations/283753C4010CBAD1",
    "operationId": "283753C4010CBAD1",
    "properties": {
      "provisioningOperation": "Read",
      "provisioningState": "Succeeded",
      "timestamp": "2020-05-18T10:18:06.8759551Z",
      "duration": "PT0.292605S",
      "trackingId": "522140af-1f08-41c6-bc27-3ea7be6332eb",
      "statusCode": "OK",
      "targetResource": {
        "id": "/subscriptions/c2397ac1-f8a2-4424-bb35-dc8c93c1a3c7/resourceGroups/VMScale-Set-ResourceGroup/providers/Microsoft.Storage/storageAccounts/vmscalesetresourcegro870",
        "resourceType": "Microsoft.Storage/storageAccounts",
        "resourceName": "vmscalesetresourcegro870",
        "apiVersion": "2019-06-01"
      }
    }
  },
  {
    "id": "/subscriptions/c2397ac1-f8a2-4424-bb35-dc8c93c1a3c7/resourceGroups/VMScale-Set-ResourceGroup/providers/Microsoft.Resources/deployments/CreateVmss-MicrosoftWindowsServer.WindowsServer-2-20200518153559/operations/E7E17407D8E1D2FC",
    "operationId": "E7E17407D8E1D2FC",
    "properties": {
      "provisioningOperation": "Create",
      "provisioningState": "Succeeded",
      "timestamp": "2020-05-18T10:17:57.3915349Z",
      "duration": "PT7.5732475S",
      "trackingId": "4ddf085e-2c45-45c0-81fb-9e0efb548d09",
      "statusCode": "Created",
      "targetResource": {
        "id": "/subscriptions/c2397ac1-f8a2-4424-bb35-dc8c93c1a3c7/resourceGroups/VMScale-Set-ResourceGroup/providers/Microsoft.Network/loadBalancers/vmss1-lb",
        "resourceType": "Microsoft.Network/loadBalancers",
        "resourceName": "vmss1-lb"
      }
    }
  },
  {
    "id": "/subscriptions/c2397ac1-f8a2-4424-bb35-dc8c93c1a3c7/resourceGroups/VMScale-Set-ResourceGroup/providers/Microsoft.Resources/deployments/CreateVmss-MicrosoftWindowsServer.WindowsServer-2-20200518153559/operations/4FD5399AF92B3877",
    "operationId": "4FD5399AF92B3877",
    "properties": {
      "provisioningOperation": "Create",
      "provisioningState": "Succeeded",
      "timestamp": "2020-05-18T10:17:51.4845105Z",
      "duration": "PT12.7581671S",
      "trackingId": "43c4e22d-3f5e-4a3c-95ca-74f39740dc00",
      "statusCode": "OK",
      "targetResource": {
        "id": "/subscriptions/c2397ac1-f8a2-4424-bb35-dc8c93c1a3c7/resourceGroups/VMScale-Set-ResourceGroup/providers/Microsoft.Network/virtualNetworks/VMScaleSetResourceGroupvnet101",
        "resourceType": "Microsoft.Network/virtualNetworks",
        "resourceName": "VMScaleSetResourceGroupvnet101"
      }
    }
  },
  {
    "id": "/subscriptions/c2397ac1-f8a2-4424-bb35-dc8c93c1a3c7/resourceGroups/VMScale-Set-ResourceGroup/providers/Microsoft.Resources/deployments/CreateVmss-MicrosoftWindowsServer.WindowsServer-2-20200518153559/operations/2AC04456F72F6B29",
    "operationId": "2AC04456F72F6B29",
    "properties": {
      "provisioningOperation": "Create",
      "provisioningState": "Succeeded",
      "timestamp": "2020-05-18T10:17:49.3812904Z",
      "duration": "PT10.654947S",
      "trackingId": "783c07f8-7e31-4319-b169-3da481a1f5e6",
      "statusCode": "OK",
      "targetResource": {
        "id": "/subscriptions/c2397ac1-f8a2-4424-bb35-dc8c93c1a3c7/resourceGroups/VMScale-Set-ResourceGroup/providers/Microsoft.Network/networkSecurityGroups/basicNsgVMScaleSetResourceGroupvnet101-nic01",
        "resourceType": "Microsoft.Network/networkSecurityGroups",
        "resourceName": "basicNsgVMScaleSetResourceGroupvnet101-nic01"
      }
    }
  },
  {
    "id": "/subscriptions/c2397ac1-f8a2-4424-bb35-dc8c93c1a3c7/resourceGroups/VMScale-Set-ResourceGroup/providers/Microsoft.Resources/deployments/CreateVmss-MicrosoftWindowsServer.WindowsServer-2-20200518153559/operations/6870B0C3A054980C",
    "operationId": "6870B0C3A054980C",
    "properties": {
      "provisioningOperation": "Create",
      "provisioningState": "Succeeded",
      "timestamp": "2020-05-18T10:17:49.7851152Z",
      "duration": "PT11.0587718S",
      "trackingId": "3db6be2e-d473-498b-b373-175df6d09277",
      "statusCode": "OK",
      "targetResource": {
        "id": "/subscriptions/c2397ac1-f8a2-4424-bb35-dc8c93c1a3c7/resourceGroups/VMScale-Set-ResourceGroup/providers/Microsoft.Network/publicIPAddresses/vmss1-ip",
        "resourceType": "Microsoft.Network/publicIPAddresses",
        "resourceName": "vmss1-ip"
      }
    }
  },
  {
    "id": "/subscriptions/c2397ac1-f8a2-4424-bb35-dc8c93c1a3c7/resourceGroups/VMScale-Set-ResourceGroup/providers/Microsoft.Resources/deployments/CreateVmss-MicrosoftWindowsServer.WindowsServer-2-20200518153559/operations/13817E6E1BACB88F",
    "operationId": "13817E6E1BACB88F",
    "properties": {
      "provisioningOperation": "Create",
      "provisioningState": "Succeeded",
      "timestamp": "2020-05-18T10:18:06.5477704Z",
      "duration": "PT27.821427S",
      "trackingId": "886dbf39-5708-484e-8d5f-6835bf68674c",
      "statusCode": "OK",
      "targetResource": {
        "id": "/subscriptions/c2397ac1-f8a2-4424-bb35-dc8c93c1a3c7/resourceGroups/VMScale-Set-ResourceGroup/providers/Microsoft.Storage/storageAccounts/vmscalesetresourcegro870",
        "resourceType": "Microsoft.Storage/storageAccounts",
        "resourceName": "vmscalesetresourcegro870"
      }
    }
  }
]