{
  "id": "/subscriptions/c2397ac1-f8a2-4424-bb35-dc8c93c1a3c7/resourceGroups/VMScale-Set-ResourceGroup/providers/Microsoft.Resources/deployments/CreateVmss-MicrosoftWindowsServer.WindowsServer-2-20200518153559",
  "name": "CreateVmss-MicrosoftWindowsServer.WindowsServer-2-20200518153559",
  "type": "Microsoft.Resources/deployments",
  "tags": {
    "primaryResourceId": "/subscriptions/c2397ac1-f8a2-4424-bb35-dc8c93c1a3c7/resourcegroups/VMScale-Set-ResourceGroup/providers/Microsoft.Compute/virtualMachineScaleSets/vmss1",
    "marketplaceItemId": "microsoft.vmss"
  },
  "properties": {
    "templateHash": "11925687399783377301",
    "parameters": {
      "location": {
        "type": "String",
        "value": "eastus2"
      },
      "virtualMachineScaleSetName": {
        "type": "String",
        "value": "vmss1"
      },
      "virtualMachineScaleSetRG": {
        "type": "String",
        "value": "VMScale-Set-ResourceGroup"
      },
      "singlePlacementGroup": {
        "type": "String",
        "value": "true"
      },
      "instanceSize": {
        "type": "String",
        "value": "Standard_D1_v2"
      },
      "instanceCount": {
        "type": "String",
        "value": "2"
      },
      "upgradeMode": {
        "type": "String",
        "value": "Manual"
      },
      "priority": {
        "type": "String",
        "value": "Regular"
      },
      "enableAcceleratedNetworking": {
        "type": "String",
        "value": "false"
      },
      "subnetId": {
        "type": "String",
        "value": "/subscriptions/cf2deb86-affb-4ba9-8848-ec9428335fa2/resourceGroups/cczTest/providers/Microsoft.Network/virtualNetworks/cczTest-vnet/subnets/default"
      },
      "osDiskType": {
        "type": "String",
        "value": "StandardSSD_LRS"
      },
      "addressPrefixes": {
        "type": "Array",
        "value": [
          "10.0.0.0/16"
        ]
      },
      "subnets": {
        "type": "Array",
        "value": [
          {
            "name": "default",
            "properties": {
              "addressPrefix": "10.0.0.0/24"
            }
          }
        ]
      },
      "virtualNetworkId": {
        "type": "String",
        "value": "/subscriptions/c2397ac1-f8a2-4424-bb35-dc8c93c1a3c7/resourceGroups/VMScale-Set-ResourceGroup/providers/Microsoft.Network/virtualNetworks/VMScaleSetResourceGroupvnet101"
      },
      "virtualNetworkName": {
        "type": "String",
        "value": "VMScaleSetResourceGroupvnet101"
      },
      "networkSecurityGroups": {
        "type": "Array",
        "value": [
          {
            "name": "basicNsgVMScaleSetResourceGroupvnet101-nic01",
            "id": "/subscriptions/c2397ac1-f8a2-4424-bb35-dc8c93c1a3c7/resourceGroups/VMScale-Set-ResourceGroup/providers/Microsoft.Network/networkSecurityGroups/basicNsgVMScaleSetResourceGroupvnet101-nic01",
            "rules": []
          }
        ]
      },
      "networkInterfaceConfigurations": {
        "type": "Array",
        "value": [
          {
            "name": "VMScaleSetResourceGroupvnet101-nic01",
            "primary": true,
            "subnetId": "/subscriptions/c2397ac1-f8a2-4424-bb35-dc8c93c1a3c7/resourceGroups/VMScale-Set-ResourceGroup/providers/Microsoft.Network/virtualNetworks/VMScaleSetResourceGroupvnet101/subnets/default",
            "applicationGatewayBackendAddressPools": [],
            "loadBalancerBackendAddressPools": [
              {
                "id": "[parameters('backendPoolId')]"
              }
            ],
            "applicationSecurityGroups": [],
            "loadBalancerInboundNatPools": [
              {
                "id": "[parameters('inboundNatPoolId')]"
              }
            ],
            "enableAcceleratedNetworking": false,
            "nsgName": "basicNsgVMScaleSetResourceGroupvnet101-nic01",
            "nsgId": "/subscriptions/c2397ac1-f8a2-4424-bb35-dc8c93c1a3c7/resourceGroups/VMScale-Set-ResourceGroup/providers/Microsoft.Network/networkSecurityGroups/basicNsgVMScaleSetResourceGroupvnet101-nic01",
            "pipName": ""
          }
        ]
      },
      "publicIpAddressName": {
        "type": "String",
        "value": "vmss1-ip"
      },
      "backendPoolName": {
        "type": "String",
        "value": "bepool"
      },
      "backendPoolId": {
        "type": "String",
        "value": "/subscriptions/c2397ac1-f8a2-4424-bb35-dc8c93c1a3c7/resourceGroups/VMScale-Set-ResourceGroup/providers/Microsoft.Network/loadBalancers/vmss1-lb/backendAddressPools/bepool"
      },
      "loadBalancerName": {
        "type": "String",
        "value": "vmss1-lb"
      },
      "inboundNatPoolId": {
        "type": "String",
        "value": "/subscriptions/c2397ac1-f8a2-4424-bb35-dc8c93c1a3c7/resourceGroups/VMScale-Set-ResourceGroup/providers/Microsoft.Network/loadBalancers/vmss1-lb/inboundNatPools/natpool"
      },
      "vmName": {
        "type": "String",
        "value": "vmss1"
      },
      "scaleInPolicy": {
        "type": "Object",
        "value": {
          "rules": [
            "Default"
          ]
        }
      },
      "diagnosticStorageAccount": {
        "type": "String",
        "value": "vmscalesetresourcegro870"
      },
      "diagnosticsStorageAccountKind": {
        "type": "String",
        "value": "Storage"
      },
      "diagnosticsStorageAccountType": {
        "type": "String",
        "value": "Standard_LRS"
      },
      "upgradePolicy": {
        "type": "String",
        "value": "Manual"
      },
      "adminUsername": {
        "type": "String",
        "value": "PrashantWalunj"
      },
      "adminPassword": {
        "type": "SecureString"
      },
      "platformFaultDomainCount": {
        "type": "String",
        "value": "5"
      }
    },
    "mode": "Incremental",
    "debugSetting": {
      "detailLevel": "None"
    },
    "provisioningState": "Running",
    "timestamp": "2020-05-18T10:17:45.7027956Z",
    "duration": "PT11.5470297S",
    "correlationId": "d9ee54c8-2286-4746-91b3-ba73de6cab63",
    "providers": [
      {
        "namespace": "Microsoft.Network",
        "resourceTypes": [
          {
            "resourceType": "virtualNetworks",
            "locations": [
              "eastus2"
            ]
          },
          {
            "resourceType": "publicIPAddresses",
            "locations": [
              "eastus2"
            ]
          },
          {
            "resourceType": "loadBalancers",
            "locations": [
              "eastus2"
            ]
          },
          {
            "resourceType": "networkSecurityGroups",
            "locations": [
              "eastus2"
            ]
          }
        ]
      },
      {
        "namespace": "Microsoft.Storage",
        "resourceTypes": [
          {
            "resourceType": "storageAccounts",
            "locations": [
              "eastus2"
            ]
          }
        ]
      },
      {
        "namespace": "Microsoft.Compute",
        "resourceTypes": [
          {
            "resourceType": "virtualMachineScaleSets",
            "locations": [
              "eastus2"
            ]
          }
        ]
      }
    ],
    "dependencies": [
      {
        "dependsOn": [
          {
            "id": "/subscriptions/c2397ac1-f8a2-4424-bb35-dc8c93c1a3c7/resourceGroups/VMScale-Set-ResourceGroup/providers/Microsoft.Network/publicIPAddresses/vmss1-ip",
            "resourceType": "Microsoft.Network/publicIPAddresses",
            "resourceName": "vmss1-ip"
          }
        ],
        "id": "/subscriptions/c2397ac1-f8a2-4424-bb35-dc8c93c1a3c7/resourceGroups/VMScale-Set-ResourceGroup/providers/Microsoft.Network/loadBalancers/vmss1-lb",
        "resourceType": "Microsoft.Network/loadBalancers",
        "resourceName": "vmss1-lb"
      },
      {
        "dependsOn": [
          {
            "id": "/subscriptions/c2397ac1-f8a2-4424-bb35-dc8c93c1a3c7/resourceGroups/VMScale-Set-ResourceGroup/providers/Microsoft.Network/virtualNetworks/VMScaleSetResourceGroupvnet101",
            "resourceType": "Microsoft.Network/virtualNetworks",
            "resourceName": "VMScaleSetResourceGroupvnet101"
          },
          {
            "id": "/subscriptions/c2397ac1-f8a2-4424-bb35-dc8c93c1a3c7/resourceGroups/VMScale-Set-ResourceGroup/providers/Microsoft.Network/networkSecurityGroups/basicNsgVMScaleSetResourceGroupvnet101-nic01",
            "resourceType": "Microsoft.Network/networkSecurityGroups",
            "resourceName": "basicNsgVMScaleSetResourceGroupvnet101-nic01"
          },
          {
            "id": "/subscriptions/c2397ac1-f8a2-4424-bb35-dc8c93c1a3c7/resourceGroups/VMScale-Set-ResourceGroup/providers/Microsoft.Network/loadBalancers/vmss1-lb",
            "resourceType": "Microsoft.Network/loadBalancers",
            "resourceName": "vmss1-lb"
          },
          {
            "id": "/subscriptions/c2397ac1-f8a2-4424-bb35-dc8c93c1a3c7/resourceGroups/VMScale-Set-ResourceGroup/providers/Microsoft.Storage/storageAccounts/vmscalesetresourcegro870",
            "resourceType": "Microsoft.Storage/storageAccounts",
            "resourceName": "vmscalesetresourcegro870"
          },
          {
            "id": "/subscriptions/c2397ac1-f8a2-4424-bb35-dc8c93c1a3c7/resourceGroups/VMScale-Set-ResourceGroup/providers/Microsoft.Storage/storageAccounts/vmscalesetresourcegro870",
            "resourceType": "Microsoft.Storage/storageAccounts",
            "resourceName": "vmscalesetresourcegro870",
            "apiVersion": "2019-06-01"
          }
        ],
        "id": "/subscriptions/c2397ac1-f8a2-4424-bb35-dc8c93c1a3c7/resourceGroups/VMScale-Set-ResourceGroup/providers/Microsoft.Compute/virtualMachineScaleSets/vmss1",
        "resourceType": "Microsoft.Compute/virtualMachineScaleSets",
        "resourceName": "vmss1"
      }
    ],
    "validationLevel": "Template"
  }
}