{
  "id": "/subscriptions/c2397ac1-f8a2-4424-bb35-dc8c93c1a3c7/resourceGroups/AG-RG/providers/Microsoft.Resources/deployments/CreateVm-Canonical.UbuntuServer-18.04-LTS-20200604101526",
  "name": "CreateVm-Canonical.UbuntuServer-18.04-LTS-20200604101526",
  "type": "Microsoft.Resources/deployments",
  "tags": {
    "primaryResourceId": "/subscriptions/c2397ac1-f8a2-4424-bb35-dc8c93c1a3c7/resourcegroups/AG-RG/providers/Microsoft.Compute/virtualMachines/AGVM1",
    "marketplaceItemId": "Microsoft.VirtualMachine",
    "provisioningHash": "SolutionProvider"
  },
  "properties": {
    "templateHash": "6071243342644812152",
    "parameters": {
      "location": {
        "type": "String",
        "value": "westindia"
      },
      "networkInterfaceName": {
        "type": "String",
        "value": "agvm1990"
      },
      "networkSecurityGroupName": {
        "type": "String",
        "value": "AGVM1nsg816"
      },
      "networkSecurityGroupRules": {
        "type": "Array",
        "value": [
          {
            "name": "SSH",
            "properties": {
              "priority": 300,
              "protocol": "TCP",
              "access": "Allow",
              "direction": "Inbound",
              "sourceAddressPrefix": "*",
              "sourcePortRange": "*",
              "destinationAddressPrefix": "*",
              "destinationPortRange": "22"
            }
          }
        ]
      },
      "subnetName": {
        "type": "String",
        "value": "AGVnet-Subnet"
      },
      "virtualNetworkId": {
        "type": "String",
        "value": "/subscriptions/c2397ac1-f8a2-4424-bb35-dc8c93c1a3c7/resourceGroups/AG-RG/providers/Microsoft.Network/virtualNetworks/AGVnet"
      },
      "publicIpAddressName": {
        "type": "String",
        "value": "AGVM1-ip"
      },
      "publicIpAddressType": {
        "type": "String",
        "value": "Dynamic"
      },
      "publicIpAddressSku": {
        "type": "String",
        "value": "Basic"
      },
      "virtualMachineName": {
        "type": "String",
        "value": "AGVM1"
      },
      "virtualMachineRG": {
        "type": "String",
        "value": "AG-RG"
      },
      "osDiskType": {
        "type": "String",
        "value": "Standard_LRS"
      },
      "virtualMachineSize": {
        "type": "String",
        "value": "Standard_B1ls"
      },
      "adminUsername": {
        "type": "String",
        "value": "PrashantWalunj"
      },
      "adminPassword": {
        "type": "SecureString"
      },
      "diagnosticsStorageAccountName": {
        "type": "String",
        "value": "agrgdiag355"
      },
      "diagnosticsStorageAccountId": {
        "type": "String",
        "value": "/subscriptions/c2397ac1-f8a2-4424-bb35-dc8c93c1a3c7/resourceGroups/AG-RG/providers/Microsoft.Storage/storageAccounts/agrgdiag355"
      },
      "availabilitySetName": {
        "type": "String",
        "value": "AGVM-AvaibilitySet"
      }
    },
    "mode": "Incremental",
    "debugSetting": {
      "detailLevel": "None"
    },
    "provisioningState": "Running",
    "timestamp": "2020-06-04T04:47:28.0334794Z",
    "duration": "PT0.620806S",
    "correlationId": "a9106dfb-78c8-4e11-b536-6d488eb5ab16",
    "providers": [
      {
        "namespace": "Microsoft.Network",
        "resourceTypes": [
          {
            "resourceType": "networkInterfaces",
            "locations": [
              "westindia"
            ]
          },
          {
            "resourceType": "networkSecurityGroups",
            "locations": [
              "westindia"
            ]
          },
          {
            "resourceType": "publicIpAddresses",
            "locations": [
              "westindia"
            ]
          }
        ]
      },
      {
        "namespace": "Microsoft.Compute",
        "resourceTypes": [
          {
            "resourceType": "virtualMachines",
            "locations": [
              "westindia"
            ]
          }
        ]
      }
    ],
    "dependencies": [
      {
        "dependsOn": [
          {
            "id": "/subscriptions/c2397ac1-f8a2-4424-bb35-dc8c93c1a3c7/resourceGroups/AG-RG/providers/Microsoft.Network/networkSecurityGroups/AGVM1nsg816",
            "resourceType": "Microsoft.Network/networkSecurityGroups",
            "resourceName": "AGVM1nsg816"
          },
          {
            "id": "/subscriptions/c2397ac1-f8a2-4424-bb35-dc8c93c1a3c7/resourceGroups/AG-RG/providers/Microsoft.Network/publicIpAddresses/AGVM1-ip",
            "resourceType": "Microsoft.Network/publicIpAddresses",
            "resourceName": "AGVM1-ip"
          }
        ],
        "id": "/subscriptions/c2397ac1-f8a2-4424-bb35-dc8c93c1a3c7/resourceGroups/AG-RG/providers/Microsoft.Network/networkInterfaces/agvm1990",
        "resourceType": "Microsoft.Network/networkInterfaces",
        "resourceName": "agvm1990"
      },
      {
        "dependsOn": [
          {
            "id": "/subscriptions/c2397ac1-f8a2-4424-bb35-dc8c93c1a3c7/resourceGroups/AG-RG/providers/Microsoft.Network/networkInterfaces/agvm1990",
            "resourceType": "Microsoft.Network/networkInterfaces",
            "resourceName": "agvm1990"
          }
        ],
        "id": "/subscriptions/c2397ac1-f8a2-4424-bb35-dc8c93c1a3c7/resourceGroups/AG-RG/providers/Microsoft.Compute/virtualMachines/AGVM1",
        "resourceType": "Microsoft.Compute/virtualMachines",
        "resourceName": "AGVM1"
      }
    ],
    "validationLevel": "Template"
  }
}