[
  {
    "id": "/subscriptions/c2397ac1-f8a2-4424-bb35-dc8c93c1a3c7/resourceGroups/AG-RG/providers/Microsoft.Resources/deployments/CreateVm-Canonical.UbuntuServer-18.04-LTS-20200604101526/operations/088337F39CBCDD7B",
    "operationId": "088337F39CBCDD7B",
    "properties": {
      "provisioningOperation": "Create",
      "provisioningState": "Running",
      "timestamp": "2020-06-04T04:47:28.1123972Z",
      "duration": "PT0.4558104S",
      "trackingId": "754809eb-2f1c-4b40-8b4e-62afb930cfa7",
      "statusCode": "Created",
      "targetResource": {
        "id": "/subscriptions/c2397ac1-f8a2-4424-bb35-dc8c93c1a3c7/resourceGroups/AG-RG/providers/Microsoft.Network/networkSecurityGroups/AGVM1nsg816",
        "resourceType": "Microsoft.Network/networkSecurityGroups",
        "resourceName": "AGVM1nsg816"
      }
    }
  },
  {
    "id": "/subscriptions/c2397ac1-f8a2-4424-bb35-dc8c93c1a3c7/resourceGroups/AG-RG/providers/Microsoft.Resources/deployments/CreateVm-Canonical.UbuntuServer-18.04-LTS-20200604101526/operations/5369D209924E4CB8",
    "operationId": "5369D209924E4CB8",
    "properties": {
      "provisioningOperation": "Create",
      "provisioningState": "Running",
      "timestamp": "2020-06-04T04:47:28.0589824Z",
      "duration": "PT0.4023956S",
      "trackingId": "0e89328d-8d9f-4177-ab89-c73ca7463905",
      "statusCode": "Created",
      "targetResource": {
        "id": "/subscriptions/c2397ac1-f8a2-4424-bb35-dc8c93c1a3c7/resourceGroups/AG-RG/providers/Microsoft.Network/publicIpAddresses/AGVM1-ip",
        "resourceType": "Microsoft.Network/publicIpAddresses",
        "resourceName": "AGVM1-ip"
      }
    }
  }
]