{
  "id": "/subscriptions/c2397ac1-f8a2-4424-bb35-dc8c93c1a3c7/resourceGroups/AZ300RG/providers/Microsoft.Resources/deployments/Microsoft.VirtualNetworkGateway-20200601185652",
  "name": "Microsoft.VirtualNetworkGateway-20200601185652",
  "type": "Microsoft.Resources/deployments",
  "tags": {
    "primaryResourceId": "/subscriptions/c2397ac1-f8a2-4424-bb35-dc8c93c1a3c7/resourceGroups/AZ300RG/providers/Microsoft.Network/virtualNetworkGateways/VirtualNetworkGateway",
    "marketplaceItemId": "Microsoft.VirtualNetworkGateway"
  },
  "properties": {
    "templateHash": "6363406703380970083",
    "parameters": {
      "name": {
        "type": "String",
        "value": "VirtualNetworkGateway"
      },
      "location": {
        "type": "String",
        "value": "westindia"
      },
      "sku": {
        "type": "String",
        "value": "VpnGw1"
      },
      "gatewayType": {
        "type": "String",
        "value": "Vpn"
      },
      "vpnGatewayGeneration": {
        "type": "String",
        "value": "Generation1"
      },
      "vpnType": {
        "type": "String",
        "value": "RouteBased"
      },
      "subnetId": {
        "type": "String",
        "value": "/subscriptions/c2397ac1-f8a2-4424-bb35-dc8c93c1a3c7/resourceGroups/AZ300RG/providers/Microsoft.Network/virtualNetworks/Vnet2/subnets/GatewaySubnet"
      },
      "newPublicIpAddressName": {
        "type": "String",
        "value": "VirtualNetworkGatewayPublicIP"
      }
    },
    "mode": "Incremental",
    "debugSetting": {
      "detailLevel": "None"
    },
    "provisioningState": "Running",
    "timestamp": "2020-06-01T13:29:15.898087Z",
    "duration": "PT4.3898217S",
    "correlationId": "899a348d-a4ba-426f-89d8-51c0efc76f64",
    "providers": [
      {
        "namespace": "Microsoft.Network",
        "resourceTypes": [
          {
            "resourceType": "virtualNetworkGateways",
            "locations": [
              "westindia"
            ]
          },
          {
            "resourceType": "publicIPAddresses",
            "locations": [
              "westindia"
            ]
          }
        ]
      }
    ],
    "dependencies": [
      {
        "dependsOn": [
          {
            "id": "/subscriptions/c2397ac1-f8a2-4424-bb35-dc8c93c1a3c7/resourceGroups/AZ300RG/providers/Microsoft.Network/publicIPAddresses/VirtualNetworkGatewayPublicIP",
            "resourceType": "Microsoft.Network/publicIPAddresses",
            "resourceName": "VirtualNetworkGatewayPublicIP"
          }
        ],
        "id": "/subscriptions/c2397ac1-f8a2-4424-bb35-dc8c93c1a3c7/resourceGroups/AZ300RG/providers/Microsoft.Network/virtualNetworkGateways/VirtualNetworkGateway",
        "resourceType": "Microsoft.Network/virtualNetworkGateways",
        "resourceName": "VirtualNetworkGateway"
      }
    ],
    "validationLevel": "Template"
  }
}