{
  "id": "/subscriptions/c2397ac1-f8a2-4424-bb35-dc8c93c1a3c7/resourceGroups/DB-for-SQL-RG/providers/Microsoft.Resources/deployments/Microsoft.SQLDatabase.newDatabaseNewServer_74fe32ae76d84524ad34d",
  "name": "Microsoft.SQLDatabase.newDatabaseNewServer_74fe32ae76d84524ad34d",
  "type": "Microsoft.Resources/deployments",
  "tags": {
    "primaryResourceId": "/subscriptions/c2397ac1-f8a2-4424-bb35-dc8c93c1a3c7/resourceGroups/DB-for-SQL-RG/providers/Microsoft.Sql/servers/pvwsqldbserver/databases/pvwSQLDB",
    "marketplaceItemId": "Microsoft.SQLDatabase"
  },
  "properties": {
    "templateHash": "1485464395500262177",
    "parameters": {
      "administratorLogin": {
        "type": "String",
        "value": "PrashantWalunj"
      },
      "administratorLoginPassword": {
        "type": "SecureString"
      },
      "collation": {
        "type": "String",
        "value": "SQL_Latin1_General_CP1_CI_AS"
      },
      "databaseName": {
        "type": "String",
        "value": "pvwSQLDB"
      },
      "tier": {
        "type": "String",
        "value": "Basic"
      },
      "skuName": {
        "type": "String",
        "value": "Basic"
      },
      "location": {
        "type": "String",
        "value": "eastus"
      },
      "maxSizeBytes": {
        "type": "Int",
        "value": 2147483648
      },
      "serverName": {
        "type": "String",
        "value": "pvwsqldbserver"
      },
      "sampleName": {
        "type": "String",
        "value": ""
      },
      "zoneRedundant": {
        "type": "Bool",
        "value": false
      },
      "licenseType": {
        "type": "String",
        "value": ""
      },
      "readScaleOut": {
        "type": "String",
        "value": "Disabled"
      },
      "numberOfReplicas": {
        "type": "Int",
        "value": 0
      },
      "minCapacity": {
        "type": "String",
        "value": ""
      },
      "autoPauseDelay": {
        "type": "String",
        "value": ""
      },
      "enableADS": {
        "type": "Bool",
        "value": false
      },
      "allowAzureIps": {
        "type": "Bool",
        "value": false
      },
      "databaseTags": {
        "type": "Object",
        "value": {}
      },
      "serverTags": {
        "type": "Object",
        "value": {}
      },
      "enableVA": {
        "type": "Bool",
        "value": false
      },
      "useVAManagedIdentity": {
        "type": "Bool",
        "value": false
      },
      "enablePrivateEndpoint": {
        "type": "Bool",
        "value": false
      },
      "privateEndpointNestedTemplateId": {
        "type": "String",
        "value": "pe-c5bc0e0a-6b55-4e8b-aeab-20ef72a0e012"
      },
      "privateEndpointSubscriptionId": {
        "type": "String",
        "value": ""
      },
      "privateEndpointResourceGroup": {
        "type": "String",
        "value": ""
      },
      "privateEndpointName": {
        "type": "String",
        "value": ""
      },
      "privateEndpointLocation": {
        "type": "String",
        "value": ""
      },
      "privateEndpointSubnetId": {
        "type": "String",
        "value": ""
      },
      "privateLinkServiceName": {
        "type": "String",
        "value": ""
      },
      "privateLinkServiceServiceId": {
        "type": "String",
        "value": ""
      },
      "privateEndpointVnetSubscriptionId": {
        "type": "String",
        "value": ""
      },
      "privateEndpointVnetResourceGroup": {
        "type": "String",
        "value": ""
      },
      "privateEndpointVnetName": {
        "type": "String",
        "value": ""
      },
      "privateEndpointSubnetName": {
        "type": "String",
        "value": ""
      },
      "enablePrivateDnsZone": {
        "type": "Bool",
        "value": true
      },
      "privateLinkPrivateDnsZoneFQDN": {
        "type": "String",
        "value": "privatelink.database.windows.net"
      },
      "privateEndpointDnsRecordUniqueId": {
        "type": "String",
        "value": "c5bc0e0a-6b55-4e8b-aeab-20ef72a0e015"
      },
      "privateEndpointTemplateLink": {
        "type": "String",
        "value": "https://sqlazureextension.hosting.portal.azure.net/sqlazureextension/Content/2.1.0124538/DeploymentTemplates/PrivateEndpoint.json"
      },
      "privateDnsForPrivateEndpointTemplateLink": {
        "type": "String",
        "value": "https://sqlazureextension.hosting.portal.azure.net/sqlazureextension/Content/2.1.0124538/DeploymentTemplates/PrivateDnsForPrivateEndpoint.json"
      },
      "privateDnsForPrivateEndpointNicTemplateLink": {
        "type": "String",
        "value": "https://sqlazureextension.hosting.portal.azure.net/sqlazureextension/Content/2.1.0124538/DeploymentTemplates/PrivateDnsForPrivateEndpointNic.json"
      },
      "privateDnsForPrivateEndpointIpConfigTemplateLink": {
        "type": "String",
        "value": "https://sqlazureextension.hosting.portal.azure.net/sqlazureextension/Content/2.1.0124538/DeploymentTemplates/PrivateDnsForPrivateEndpointIpConfig.json"
      },
      "allowClientIp": {
        "type": "Bool",
        "value": false
      },
      "clientIpRuleName": {
        "type": "String",
        "value": "ClientIp-2020-6-7_16-22-37"
      },
      "clientIpValue": {
        "type": "String",
        "value": "106.210.253.5"
      }
    },
    "mode": "Incremental",
    "debugSetting": {
      "detailLevel": "None"
    },
    "provisioningState": "Running",
    "timestamp": "2020-06-07T10:52:38.9593607Z",
    "duration": "PT0.1853911S",
    "correlationId": "3a4acb27-7d4f-4c2d-a0d0-733a333b64b2",
    "providers": [
      {
        "namespace": "Microsoft.Sql",
        "resourceTypes": [
          {
            "resourceType": "servers",
            "locations": [
              "eastus"
            ]
          },
          {
            "resourceType": "servers/databases",
            "locations": [
              "eastus"
            ]
          }
        ]
      }
    ],
    "dependencies": [
      {
        "dependsOn": [
          {
            "id": "/subscriptions/c2397ac1-f8a2-4424-bb35-dc8c93c1a3c7/resourceGroups/DB-for-SQL-RG/providers/Microsoft.Sql/servers/pvwsqldbserver",
            "resourceType": "Microsoft.Sql/servers",
            "resourceName": "pvwsqldbserver"
          },
          {
            "id": "/subscriptions/c2397ac1-f8a2-4424-bb35-dc8c93c1a3c7/resourceGroups/DB-for-SQL-RG/providers/Microsoft.Storage/storageAccounts/sqlvacwkjqdscd6lca",
            "resourceType": "Microsoft.Storage/storageAccounts",
            "resourceName": "sqlvacwkjqdscd6lca"
          },
          {
            "id": "/subscriptions/c2397ac1-f8a2-4424-bb35-dc8c93c1a3c7/resourceGroups/DB-for-SQL-RG/providers/Microsoft.Sql/servers/pvwsqldbserver",
            "resourceType": "Microsoft.Sql/servers",
            "resourceName": "pvwsqldbserver",
            "apiVersion": "2018-06-01-preview"
          }
        ],
        "id": "/subscriptions/c2397ac1-f8a2-4424-bb35-dc8c93c1a3c7/resourceGroups/DB-for-SQL-RG/providers/Microsoft.Storage/storageAccounts/sqlvacwkjqdscd6lca/providers/Microsoft.Authorization/roleAssignments/22c6eff3-8ff2-54f2-bdd8-2f65218192f4",
        "resourceType": "Microsoft.Storage/storageAccounts/providers/roleAssignments",
        "resourceName": "sqlvacwkjqdscd6lca/Microsoft.Authorization/22c6eff3-8ff2-54f2-bdd8-2f65218192f4"
      },
      {
        "dependsOn": [
          {
            "id": "/subscriptions/c2397ac1-f8a2-4424-bb35-dc8c93c1a3c7/resourceGroups/DB-for-SQL-RG/providers/Microsoft.Sql/servers/pvwsqldbserver",
            "resourceType": "Microsoft.Sql/servers",
            "resourceName": "pvwsqldbserver"
          }
        ],
        "id": "/subscriptions/c2397ac1-f8a2-4424-bb35-dc8c93c1a3c7/resourceGroups/DB-for-SQL-RG/providers/Microsoft.Sql/servers/pvwsqldbserver/databases/pvwSQLDB",
        "resourceType": "Microsoft.Sql/servers/databases",
        "resourceName": "pvwsqldbserver/pvwSQLDB"
      },
      {
        "dependsOn": [
          {
            "id": "/subscriptions/c2397ac1-f8a2-4424-bb35-dc8c93c1a3c7/resourceGroups/DB-for-SQL-RG/providers/Microsoft.Sql/servers/pvwsqldbserver",
            "resourceType": "Microsoft.Sql/servers",
            "resourceName": "pvwsqldbserver"
          }
        ],
        "id": "/subscriptions/c2397ac1-f8a2-4424-bb35-dc8c93c1a3c7/resourceGroups/DB-for-SQL-RG/providers/Microsoft.Sql/servers/pvwsqldbserver/firewallrules/AllowAllWindowsAzureIps",
        "resourceType": "Microsoft.Sql/servers/firewallrules",
        "resourceName": "pvwsqldbserver/AllowAllWindowsAzureIps"
      },
      {
        "dependsOn": [
          {
            "id": "/subscriptions/c2397ac1-f8a2-4424-bb35-dc8c93c1a3c7/resourceGroups/DB-for-SQL-RG/providers/Microsoft.Sql/servers/pvwsqldbserver",
            "resourceType": "Microsoft.Sql/servers",
            "resourceName": "pvwsqldbserver"
          }
        ],
        "id": "/subscriptions/c2397ac1-f8a2-4424-bb35-dc8c93c1a3c7/resourceGroups/DB-for-SQL-RG/providers/Microsoft.Sql/servers/pvwsqldbserver/firewallrules/ClientIp-2020-6-7_16-22-37",
        "resourceType": "Microsoft.Sql/servers/firewallrules",
        "resourceName": "pvwsqldbserver/ClientIp-2020-6-7_16-22-37"
      },
      {
        "dependsOn": [
          {
            "id": "/subscriptions/c2397ac1-f8a2-4424-bb35-dc8c93c1a3c7/resourceGroups/DB-for-SQL-RG/providers/Microsoft.Sql/servers/pvwsqldbserver",
            "resourceType": "Microsoft.Sql/servers",
            "resourceName": "pvwsqldbserver"
          },
          {
            "id": "/subscriptions/c2397ac1-f8a2-4424-bb35-dc8c93c1a3c7/resourceGroups/DB-for-SQL-RG/providers/Microsoft.Sql/servers/pvwsqldbserver/databases/pvwSQLDB",
            "resourceType": "Microsoft.Sql/servers/databases",
            "resourceName": "pvwsqldbserver/pvwSQLDB"
          }
        ],
        "id": "/subscriptions/c2397ac1-f8a2-4424-bb35-dc8c93c1a3c7/resourceGroups/DB-for-SQL-RG/providers/Microsoft.Sql/servers/pvwsqldbserver/securityAlertPolicies/Default",
        "resourceType": "Microsoft.Sql/servers/securityAlertPolicies",
        "resourceName": "pvwsqldbserver/Default"
      },
      {
        "dependsOn": [
          {
            "id": "/subscriptions/c2397ac1-f8a2-4424-bb35-dc8c93c1a3c7/resourceGroups/DB-for-SQL-RG/providers/Microsoft.Sql/servers/pvwsqldbserver",
            "resourceType": "Microsoft.Sql/servers",
            "resourceName": "pvwsqldbserver"
          },
          {
            "id": "/subscriptions/c2397ac1-f8a2-4424-bb35-dc8c93c1a3c7/resourceGroups/DB-for-SQL-RG/providers/Microsoft.Storage/storageAccounts/sqlvacwkjqdscd6lca",
            "resourceType": "Microsoft.Storage/storageAccounts",
            "resourceName": "sqlvacwkjqdscd6lca"
          },
          {
            "id": "/subscriptions/c2397ac1-f8a2-4424-bb35-dc8c93c1a3c7/resourceGroups/DB-for-SQL-RG/providers/Microsoft.Sql/servers/pvwsqldbserver/securityAlertPolicies/Default",
            "resourceType": "Microsoft.Sql/servers/securityAlertPolicies",
            "resourceName": "pvwsqldbserver/Default"
          }
        ],
        "id": "/subscriptions/c2397ac1-f8a2-4424-bb35-dc8c93c1a3c7/resourceGroups/DB-for-SQL-RG/providers/Microsoft.Sql/servers/pvwsqldbserver/vulnerabilityAssessments/Default",
        "resourceType": "Microsoft.Sql/servers/vulnerabilityAssessments",
        "resourceName": "pvwsqldbserver/Default"
      },
      {
        "dependsOn": [
          {
            "id": "/subscriptions/c2397ac1-f8a2-4424-bb35-dc8c93c1a3c7/resourceGroups/DB-for-SQL-RG/providers/Microsoft.Sql/servers/pvwsqldbserver/databases/pvwSQLDB",
            "resourceType": "Microsoft.Sql/servers/databases",
            "resourceName": "pvwsqldbserver/pvwSQLDB"
          },
          {
            "id": "/subscriptions/c2397ac1-f8a2-4424-bb35-dc8c93c1a3c7/resourceGroups/DB-for-SQL-RG/providers/Microsoft.Resources/deployments/SubnetPolicies-",
            "resourceType": "Microsoft.Resources/deployments",
            "resourceName": "SubnetPolicies-"
          }
        ],
        "id": "/subscriptions/c2397ac1-f8a2-4424-bb35-dc8c93c1a3c7/resourceGroups/DB-for-SQL-RG/providers/Microsoft.Resources/deployments/PrivateEndpoint-",
        "resourceType": "Microsoft.Resources/deployments",
        "resourceName": "PrivateEndpoint-"
      },
      {
        "dependsOn": [
          {
            "id": "/subscriptions/c2397ac1-f8a2-4424-bb35-dc8c93c1a3c7/resourceGroups/DB-for-SQL-RG/providers/Microsoft.Resources/deployments/PrivateEndpoint-",
            "resourceType": "Microsoft.Resources/deployments",
            "resourceName": "PrivateEndpoint-"
          }
        ],
        "id": "/subscriptions/c2397ac1-f8a2-4424-bb35-dc8c93c1a3c7/resourceGroups/DB-for-SQL-RG/providers/Microsoft.Resources/deployments/PrivateDns-pe-c5bc0e0a-6b55-4e8b-aeab-20ef72a0e012",
        "resourceType": "Microsoft.Resources/deployments",
        "resourceName": "PrivateDns-pe-c5bc0e0a-6b55-4e8b-aeab-20ef72a0e012"
      }
    ],
    "validationLevel": "Template"
  }
}