{
  "id": "/subscriptions/c2397ac1-f8a2-4424-bb35-dc8c93c1a3c7/resourceGroups/pvwsf/providers/Microsoft.Resources/deployments/AzurePSDeployment-202006060455",
  "name": "AzurePSDeployment-202006060455",
  "type": "Microsoft.Resources/deployments",
  "properties": {
    "templateHash": "7789908736234830273",
    "parameters": {
      "clusterLocation": {
        "type": "String",
        "value": "westindia"
      },
      "clusterName": {
        "type": "String",
        "value": "pvwsf"
      },
      "adminUserName": {
        "type": "String",
        "value": "pvwtestuser"
      },
      "durabilityLevel": {
        "type": "String",
        "value": "Bronze"
      },
      "reliabilityLevel": {
        "type": "String",
        "value": "None"
      },
      "adminPassword": {
        "type": "SecureString"
      },
      "vmImagePublisher": {
        "type": "String",
        "value": "Canonical"
      },
      "vmImageOffer": {
        "type": "String",
        "value": "UbuntuServer"
      },
      "vmImageSku": {
        "type": "String",
        "value": "16.04-LTS"
      },
      "vmSku": {
        "type": "String",
        "value": "Standard_D2_V2"
      },
      "vmImageVersion": {
        "type": "String",
        "value": "latest"
      },
      "loadBalancedAppPort1": {
        "type": "Int",
        "value": 80
      },
      "loadBalancedAppPort2": {
        "type": "Int",
        "value": 8081
      },
      "certificateStoreValue": {
        "type": "String",
        "value": "My"
      },
      "certificateThumbprint": {
        "type": "String",
        "value": "493AB62BAA355A4AEA0F5F9C8287CD63A52911BB"
      },
      "sourceVaultValue": {
        "type": "String",
        "value": "/subscriptions/c2397ac1-f8a2-4424-bb35-dc8c93c1a3c7/resourceGroups/pvwsf/providers/Microsoft.KeyVault/vaults/azpvwvoult"
      },
      "certificateUrlValue": {
        "type": "String",
        "value": "https://azpvwvoult.vault.azure.net/secrets/pvwsfwestindiacloudappazurecom/7a2d49657a164b7f96cfe24654df5a61"
      },
      "clusterProtectionLevel": {
        "type": "String",
        "value": "EncryptAndSign"
      },
      "storageAccountType": {
        "type": "String",
        "value": "Standard_LRS"
      },
      "supportLogStorageAccountType": {
        "type": "String",
        "value": "Standard_LRS"
      },
      "applicationDiagnosticsStorageAccountType": {
        "type": "String",
        "value": "Standard_LRS"
      },
      "nt0InstanceCount": {
        "type": "Int",
        "value": 2
      }
    },
    "mode": "Incremental",
    "provisioningState": "Running",
    "timestamp": "2020-06-06T04:58:37.4137702Z",
    "duration": "PT3M8.608493S",
    "correlationId": "6bf52f73-71cc-41bd-9968-16bb9e2af847",
    "providers": [
      {
        "namespace": "Microsoft.Storage",
        "resourceTypes": [
          {
            "resourceType": "storageAccounts",
            "locations": [
              "westindia"
            ]
          }
        ]
      },
      {
        "namespace": "Microsoft.Network",
        "resourceTypes": [
          {
            "resourceType": "virtualNetworks",
            "locations": [
              "westindia"
            ]
          },
          {
            "resourceType": "publicIPAddresses",
            "locations": [
              "westindia"
            ]
          },
          {
            "resourceType": "loadBalancers",
            "locations": [
              "westindia"
            ]
          }
        ]
      },
      {
        "namespace": "Microsoft.Compute",
        "resourceTypes": [
          {
            "resourceType": "virtualMachineScaleSets",
            "locations": [
              "westindia"
            ]
          }
        ]
      },
      {
        "namespace": "Microsoft.ServiceFabric",
        "resourceTypes": [
          {
            "resourceType": "clusters",
            "locations": [
              "westindia"
            ]
          }
        ]
      }
    ],
    "dependencies": [
      {
        "dependsOn": [
          {
            "id": "/subscriptions/c2397ac1-f8a2-4424-bb35-dc8c93c1a3c7/resourceGroups/pvwsf/providers/Microsoft.Network/publicIPAddresses/PublicIP-LB-FE-0",
            "resourceType": "Microsoft.Network/publicIPAddresses",
            "resourceName": "PublicIP-LB-FE-0"
          }
        ],
        "id": "/subscriptions/c2397ac1-f8a2-4424-bb35-dc8c93c1a3c7/resourceGroups/pvwsf/providers/Microsoft.Network/loadBalancers/LB-pvwsf-nt1vm",
        "resourceType": "Microsoft.Network/loadBalancers",
        "resourceName": "LB-pvwsf-nt1vm"
      },
      {
        "dependsOn": [
          {
            "id": "/subscriptions/c2397ac1-f8a2-4424-bb35-dc8c93c1a3c7/resourceGroups/pvwsf/providers/Microsoft.Network/virtualNetworks/VNet",
            "resourceType": "Microsoft.Network/virtualNetworks",
            "resourceName": "VNet"
          },
          {
            "id": "/subscriptions/c2397ac1-f8a2-4424-bb35-dc8c93c1a3c7/resourceGroups/pvwsf/providers/Microsoft.Network/loadBalancers/LB-pvwsf-nt1vm",
            "resourceType": "Microsoft.Network/loadBalancers",
            "resourceName": "LB-pvwsf-nt1vm"
          },
          {
            "id": "/subscriptions/c2397ac1-f8a2-4424-bb35-dc8c93c1a3c7/resourceGroups/pvwsf/providers/Microsoft.Storage/storageAccounts/sflogseilo6q43gvsxa2",
            "resourceType": "Microsoft.Storage/storageAccounts",
            "resourceName": "sflogseilo6q43gvsxa2"
          },
          {
            "id": "/subscriptions/c2397ac1-f8a2-4424-bb35-dc8c93c1a3c7/resourceGroups/pvwsf/providers/Microsoft.Storage/storageAccounts/eilo6q43gvsxa3",
            "resourceType": "Microsoft.Storage/storageAccounts",
            "resourceName": "eilo6q43gvsxa3"
          },
          {
            "id": "/subscriptions/c2397ac1-f8a2-4424-bb35-dc8c93c1a3c7/resourceGroups/pvwsf/providers/Microsoft.Storage/storageAccounts/sflogseilo6q43gvsxa2",
            "resourceType": "Microsoft.Storage/storageAccounts",
            "resourceName": "sflogseilo6q43gvsxa2",
            "actionName": "listKeys",
            "apiVersion": "2015-05-01-preview"
          },
          {
            "id": "/subscriptions/c2397ac1-f8a2-4424-bb35-dc8c93c1a3c7/resourceGroups/pvwsf/providers/Microsoft.ServiceFabric/clusters/pvwsf",
            "resourceType": "Microsoft.ServiceFabric/clusters",
            "resourceName": "pvwsf"
          },
          {
            "id": "/subscriptions/c2397ac1-f8a2-4424-bb35-dc8c93c1a3c7/resourceGroups/pvwsf/providers/Microsoft.Storage/storageAccounts/eilo6q43gvsxa3",
            "resourceType": "Microsoft.Storage/storageAccounts",
            "resourceName": "eilo6q43gvsxa3",
            "actionName": "listKeys",
            "apiVersion": "2015-05-01-preview"
          }
        ],
        "id": "/subscriptions/c2397ac1-f8a2-4424-bb35-dc8c93c1a3c7/resourceGroups/pvwsf/providers/Microsoft.Compute/virtualMachineScaleSets/nt1vm",
        "resourceType": "Microsoft.Compute/virtualMachineScaleSets",
        "resourceName": "nt1vm"
      },
      {
        "dependsOn": [
          {
            "id": "/subscriptions/c2397ac1-f8a2-4424-bb35-dc8c93c1a3c7/resourceGroups/pvwsf/providers/Microsoft.Storage/storageAccounts/sflogseilo6q43gvsxa2",
            "resourceType": "Microsoft.Storage/storageAccounts",
            "resourceName": "sflogseilo6q43gvsxa2"
          },
          {
            "id": "/subscriptions/c2397ac1-f8a2-4424-bb35-dc8c93c1a3c7/resourceGroups/pvwsf/providers/Microsoft.Storage/storageAccounts/sflogseilo6q43gvsxa2",
            "resourceType": "Microsoft.Storage/storageAccounts",
            "resourceName": "sflogseilo6q43gvsxa2",
            "apiVersion": "2016-01-01"
          },
          {
            "id": "/subscriptions/c2397ac1-f8a2-4424-bb35-dc8c93c1a3c7/resourceGroups/pvwsf/providers/Microsoft.Network/publicIPAddresses/PublicIP-LB-FE-0",
            "resourceType": "Microsoft.Network/publicIPAddresses",
            "resourceName": "PublicIP-LB-FE-0"
          }
        ],
        "id": "/subscriptions/c2397ac1-f8a2-4424-bb35-dc8c93c1a3c7/resourceGroups/pvwsf/providers/Microsoft.ServiceFabric/clusters/pvwsf",
        "resourceType": "Microsoft.ServiceFabric/clusters",
        "resourceName": "pvwsf"
      }
    ]
  }
}