[
  {
    "id": "/subscriptions/c2397ac1-f8a2-4424-bb35-dc8c93c1a3c7/resourceGroups/pvwsf/providers/Microsoft.Resources/deployments/AzurePSDeployment-202006060455/operations/5EA190C39A30E9E1",
    "operationId": "5EA190C39A30E9E1",
    "properties": {
      "provisioningOperation": "Create",
      "provisioningState": "Running",
      "timestamp": "2020-06-06T04:58:37.4418832Z",
      "duration": "PT2M2.2165679S",
      "trackingId": "994a4808-9ea6-4c8b-9e73-20303c1355f3",
      "statusCode": "Created",
      "targetResource": {
        "id": "/subscriptions/c2397ac1-f8a2-4424-bb35-dc8c93c1a3c7/resourceGroups/pvwsf/providers/Microsoft.Compute/virtualMachineScaleSets/nt1vm",
        "resourceType": "Microsoft.Compute/virtualMachineScaleSets",
        "resourceName": "nt1vm"
      }
    }
  },
  {
    "id": "/subscriptions/c2397ac1-f8a2-4424-bb35-dc8c93c1a3c7/resourceGroups/pvwsf/providers/Microsoft.Resources/deployments/AzurePSDeployment-202006060455/operations/CA45BCCE7E9BFAC1",
    "operationId": "CA45BCCE7E9BFAC1",
    "properties": {
      "provisioningOperation": "Create",
      "provisioningState": "Succeeded",
      "timestamp": "2020-06-06T04:56:35.2017683Z",
      "duration": "PT0.3944402S",
      "trackingId": "1df391b5-ea8f-494c-aa9b-bbe4dcbe9394",
      "statusCode": "OK",
      "targetResource": {
        "id": "/subscriptions/c2397ac1-f8a2-4424-bb35-dc8c93c1a3c7/resourceGroups/pvwsf/providers/Microsoft.ServiceFabric/clusters/pvwsf",
        "resourceType": "Microsoft.ServiceFabric/clusters",
        "resourceName": "pvwsf"
      }
    }
  },
  {
    "id": "/subscriptions/c2397ac1-f8a2-4424-bb35-dc8c93c1a3c7/resourceGroups/pvwsf/providers/Microsoft.Resources/deployments/AzurePSDeployment-202006060455/operations/5008E6E2BC09CFDB",
    "operationId": "5008E6E2BC09CFDB",
    "properties": {
      "provisioningOperation": "Action",
      "provisioningState": "Succeeded",
      "timestamp": "2020-06-06T04:55:51.9150039Z",
      "duration": "PT0.0710869S",
      "trackingId": "860a9668-4869-44e0-aed3-70b932ea5014",
      "statusCode": "OK",
      "targetResource": {
        "id": "/subscriptions/c2397ac1-f8a2-4424-bb35-dc8c93c1a3c7/resourceGroups/pvwsf/providers/Microsoft.Storage/storageAccounts/sflogseilo6q43gvsxa2",
        "resourceType": "Microsoft.Storage/storageAccounts",
        "resourceName": "sflogseilo6q43gvsxa2",
        "actionName": "listKeys",
        "apiVersion": "2015-05-01-preview"
      }
    }
  },
  {
    "id": "/subscriptions/c2397ac1-f8a2-4424-bb35-dc8c93c1a3c7/resourceGroups/pvwsf/providers/Microsoft.Resources/deployments/AzurePSDeployment-202006060455/operations/78B223A1398AFE7D",
    "operationId": "78B223A1398AFE7D",
    "properties": {
      "provisioningOperation": "Read",
      "provisioningState": "Succeeded",
      "timestamp": "2020-06-06T04:55:51.8936046Z",
      "duration": "PT0.0496876S",
      "trackingId": "6ad13c1f-ca45-4080-b784-bdbf49f2cca2",
      "statusCode": "OK",
      "targetResource": {
        "id": "/subscriptions/c2397ac1-f8a2-4424-bb35-dc8c93c1a3c7/resourceGroups/pvwsf/providers/Microsoft.Storage/storageAccounts/sflogseilo6q43gvsxa2",
        "resourceType": "Microsoft.Storage/storageAccounts",
        "resourceName": "sflogseilo6q43gvsxa2",
        "apiVersion": "2016-01-01"
      }
    }
  },
  {
    "id": "/subscriptions/c2397ac1-f8a2-4424-bb35-dc8c93c1a3c7/resourceGroups/pvwsf/providers/Microsoft.Resources/deployments/AzurePSDeployment-202006060455/operations/E6F78F3448B609F5",
    "operationId": "E6F78F3448B609F5",
    "properties": {
      "provisioningOperation": "Action",
      "provisioningState": "Succeeded",
      "timestamp": "2020-06-06T04:55:51.1203098Z",
      "duration": "PT0.0567892S",
      "trackingId": "c8a2f568-b78c-4a51-8f65-f59f1414073d",
      "statusCode": "OK",
      "targetResource": {
        "id": "/subscriptions/c2397ac1-f8a2-4424-bb35-dc8c93c1a3c7/resourceGroups/pvwsf/providers/Microsoft.Storage/storageAccounts/eilo6q43gvsxa3",
        "resourceType": "Microsoft.Storage/storageAccounts",
        "resourceName": "eilo6q43gvsxa3",
        "actionName": "listKeys",
        "apiVersion": "2015-05-01-preview"
      }
    }
  },
  {
    "id": "/subscriptions/c2397ac1-f8a2-4424-bb35-dc8c93c1a3c7/resourceGroups/pvwsf/providers/Microsoft.Resources/deployments/AzurePSDeployment-202006060455/operations/972751B24CF039A7",
    "operationId": "972751B24CF039A7",
    "properties": {
      "provisioningOperation": "Create",
      "provisioningState": "Succeeded",
      "timestamp": "2020-06-06T04:55:39.4304187Z",
      "duration": "PT0.5601587S",
      "trackingId": "bd3924bf-6829-4431-b0ed-349bf057dbfc",
      "statusCode": "Created",
      "targetResource": {
        "id": "/subscriptions/c2397ac1-f8a2-4424-bb35-dc8c93c1a3c7/resourceGroups/pvwsf/providers/Microsoft.Network/loadBalancers/LB-pvwsf-nt1vm",
        "resourceType": "Microsoft.Network/loadBalancers",
        "resourceName": "LB-pvwsf-nt1vm"
      }
    }
  },
  {
    "id": "/subscriptions/c2397ac1-f8a2-4424-bb35-dc8c93c1a3c7/resourceGroups/pvwsf/providers/Microsoft.Resources/deployments/AzurePSDeployment-202006060455/operations/DA7ADA108BF636A6",
    "operationId": "DA7ADA108BF636A6",
    "properties": {
      "provisioningOperation": "Create",
      "provisioningState": "Succeeded",
      "timestamp": "2020-06-06T04:55:51.0350166Z",
      "duration": "PT20.0245407S",
      "trackingId": "23cc445b-53b0-4ceb-bc60-74d9aa072269",
      "statusCode": "OK",
      "targetResource": {
        "id": "/subscriptions/c2397ac1-f8a2-4424-bb35-dc8c93c1a3c7/resourceGroups/pvwsf/providers/Microsoft.Storage/storageAccounts/eilo6q43gvsxa3",
        "resourceType": "Microsoft.Storage/storageAccounts",
        "resourceName": "eilo6q43gvsxa3"
      }
    }
  },
  {
    "id": "/subscriptions/c2397ac1-f8a2-4424-bb35-dc8c93c1a3c7/resourceGroups/pvwsf/providers/Microsoft.Resources/deployments/AzurePSDeployment-202006060455/operations/860EF4901B133F8C",
    "operationId": "860EF4901B133F8C",
    "properties": {
      "provisioningOperation": "Create",
      "provisioningState": "Succeeded",
      "timestamp": "2020-06-06T04:55:51.8134334Z",
      "duration": "PT20.8029575S",
      "trackingId": "4c288827-8a5a-40df-a4ab-0d0dcf8cadf4",
      "statusCode": "OK",
      "targetResource": {
        "id": "/subscriptions/c2397ac1-f8a2-4424-bb35-dc8c93c1a3c7/resourceGroups/pvwsf/providers/Microsoft.Storage/storageAccounts/sflogseilo6q43gvsxa2",
        "resourceType": "Microsoft.Storage/storageAccounts",
        "resourceName": "sflogseilo6q43gvsxa2"
      }
    }
  },
  {
    "id": "/subscriptions/c2397ac1-f8a2-4424-bb35-dc8c93c1a3c7/resourceGroups/pvwsf/providers/Microsoft.Resources/deployments/AzurePSDeployment-202006060455/operations/30E6F1A9EC62C2A9",
    "operationId": "30E6F1A9EC62C2A9",
    "properties": {
      "provisioningOperation": "Create",
      "provisioningState": "Succeeded",
      "timestamp": "2020-06-06T04:55:38.7853737Z",
      "duration": "PT7.7748978S",
      "trackingId": "19173df5-ce20-4998-a9a3-3b6cb19c4c8d",
      "statusCode": "OK",
      "targetResource": {
        "id": "/subscriptions/c2397ac1-f8a2-4424-bb35-dc8c93c1a3c7/resourceGroups/pvwsf/providers/Microsoft.Network/publicIPAddresses/PublicIP-LB-FE-0",
        "resourceType": "Microsoft.Network/publicIPAddresses",
        "resourceName": "PublicIP-LB-FE-0"
      }
    }
  },
  {
    "id": "/subscriptions/c2397ac1-f8a2-4424-bb35-dc8c93c1a3c7/resourceGroups/pvwsf/providers/Microsoft.Resources/deployments/AzurePSDeployment-202006060455/operations/56BCF405B3EE0D3F",
    "operationId": "56BCF405B3EE0D3F",
    "properties": {
      "provisioningOperation": "Create",
      "provisioningState": "Succeeded",
      "timestamp": "2020-06-06T04:55:50.8572712Z",
      "duration": "PT19.8467953S",
      "trackingId": "955904af-0742-4bac-acec-e0bb1308f4d5",
      "statusCode": "OK",
      "targetResource": {
        "id": "/subscriptions/c2397ac1-f8a2-4424-bb35-dc8c93c1a3c7/resourceGroups/pvwsf/providers/Microsoft.Network/virtualNetworks/VNet",
        "resourceType": "Microsoft.Network/virtualNetworks",
        "resourceName": "VNet"
      }
    }
  }
]