{
  "id": "/subscriptions/c2397ac1-f8a2-4424-bb35-dc8c93c1a3c7/resourceGroups/AG-RG/providers/Microsoft.Resources/deployments/Microsoft.VirtualNetwork-20200604100225",
  "name": "Microsoft.VirtualNetwork-20200604100225",
  "type": "Microsoft.Resources/deployments",
  "tags": {
    "primaryResourceId": "/subscriptions/c2397ac1-f8a2-4424-bb35-dc8c93c1a3c7/resourceGroups/AG-RG/providers/Microsoft.Network/virtualNetworks/AGVnet",
    "marketplaceItemId": "Microsoft.VirtualNetwork"
  },
  "properties": {
    "templateHash": "10615723488398121004",
    "parameters": {
      "location": {
        "type": "String",
        "value": "westindia"
      },
      "virtualNetworkName": {
        "type": "String",
        "value": "AGVnet"
      },
      "resourceGroup": {
        "type": "String",
        "value": "AG-RG"
      },
      "addressSpaces": {
        "type": "Array",
        "value": [
          "10.1.0.0/16"
        ]
      },
      "ipv6Enabled": {
        "type": "Bool",
        "value": false
      },
      "subnetCount": {
        "type": "Int",
        "value": 1
      },
      "subnet0_name": {
        "type": "String",
        "value": "AGVnet-Subnet"
      },
      "subnet0_addressRange": {
        "type": "String",
        "value": "10.1.0.0/24"
      },
      "ddosProtectionPlanEnabled": {
        "type": "Bool",
        "value": false
      },
      "firewallEnabled": {
        "type": "Bool",
        "value": false
      },
      "bastionEnabled": {
        "type": "Bool",
        "value": false
      }
    },
    "mode": "Incremental",
    "debugSetting": {
      "detailLevel": "None"
    },
    "provisioningState": "Running",
    "timestamp": "2020-06-04T04:37:11.3106764Z",
    "duration": "PT2.3270952S",
    "correlationId": "79e011bc-cde7-4749-bfae-dc9e4508ba56",
    "providers": [
      {
        "namespace": "Microsoft.Network",
        "resourceTypes": [
          {
            "resourceType": "VirtualNetworks",
            "locations": [
              "westindia"
            ]
          }
        ]
      }
    ],
    "dependencies": [],
    "validationLevel": "Template"
  }
}