[
  {
    "id": "/subscriptions/c2397ac1-f8a2-4424-bb35-dc8c93c1a3c7/resourceGroups/AG-RG/providers/Microsoft.Resources/deployments/Microsoft.VirtualNetwork-20200604100225/operations/CCA515EBD50ADEE8",
    "operationId": "CCA515EBD50ADEE8",
    "properties": {
      "provisioningOperation": "Create",
      "provisioningState": "Running",
      "timestamp": "2020-06-04T04:37:11.3333066Z",
      "duration": "PT1.1443495S",
      "trackingId": "7b244fd3-20e7-4f35-b996-05c2892a2454",
      "statusCode": "Created",
      "targetResource": {
        "id": "/subscriptions/c2397ac1-f8a2-4424-bb35-dc8c93c1a3c7/resourceGroups/AG-RG/providers/Microsoft.Network/VirtualNetworks/AGVnet",
        "resourceType": "Microsoft.Network/VirtualNetworks",
        "resourceName": "AGVnet"
      }
    }
  }
]