[
  {
    "id": "/subscriptions/c2397ac1-f8a2-4424-bb35-dc8c93c1a3c7/resourceGroups/LoadBalancer-RG/providers/Microsoft.Resources/deployments/CreateVm-Canonical.UbuntuServer-18.04-LTS-20200603180900/operations/0FC19E9A599CC1C0",
    "operationId": "0FC19E9A599CC1C0",
    "properties": {
      "provisioningOperation": "Create",
      "provisioningState": "Succeeded",
      "timestamp": "2020-06-03T12:41:27.0695838Z",
      "duration": "PT1M10.2105591S",
      "trackingId": "dfd1baf6-21b7-4706-9476-06c6f0c8ec71",
      "statusCode": "OK",
      "targetResource": {
        "id": "/subscriptions/c2397ac1-f8a2-4424-bb35-dc8c93c1a3c7/resourceGroups/LoadBalancer-RG/providers/Microsoft.Compute/virtualMachines/LBVM3",
        "resourceType": "Microsoft.Compute/virtualMachines",
        "resourceName": "LBVM3"
      }
    }
  },
  {
    "id": "/subscriptions/c2397ac1-f8a2-4424-bb35-dc8c93c1a3c7/resourceGroups/LoadBalancer-RG/providers/Microsoft.Resources/deployments/CreateVm-Canonical.UbuntuServer-18.04-LTS-20200603180900/operations/39CFD511EAB97DD0",
    "operationId": "39CFD511EAB97DD0",
    "properties": {
      "provisioningOperation": "Create",
      "provisioningState": "Succeeded",
      "timestamp": "2020-06-03T12:40:16.836593Z",
      "duration": "PT0.7187682S",
      "trackingId": "7f559449-441d-4607-a385-5ab3d735c295",
      "statusCode": "Created",
      "targetResource": {
        "id": "/subscriptions/c2397ac1-f8a2-4424-bb35-dc8c93c1a3c7/resourceGroups/LoadBalancer-RG/providers/Microsoft.Network/networkInterfaces/lbvm3378",
        "resourceType": "Microsoft.Network/networkInterfaces",
        "resourceName": "lbvm3378"
      }
    }
  },
  {
    "id": "/subscriptions/c2397ac1-f8a2-4424-bb35-dc8c93c1a3c7/resourceGroups/LoadBalancer-RG/providers/Microsoft.Resources/deployments/CreateVm-Canonical.UbuntuServer-18.04-LTS-20200603180900/operations/292916E371FB56D9",
    "operationId": "292916E371FB56D9",
    "properties": {
      "provisioningOperation": "Create",
      "provisioningState": "Succeeded",
      "timestamp": "2020-06-03T12:40:14.6085197Z",
      "duration": "PT3.7599388S",
      "trackingId": "e9971be2-f15c-4fb2-ae0e-9a4e6137da1b",
      "statusCode": "OK",
      "targetResource": {
        "id": "/subscriptions/c2397ac1-f8a2-4424-bb35-dc8c93c1a3c7/resourceGroups/LoadBalancer-RG/providers/Microsoft.Network/networkSecurityGroups/LBVM3-nsg",
        "resourceType": "Microsoft.Network/networkSecurityGroups",
        "resourceName": "LBVM3-nsg"
      }
    }
  },
  {
    "id": "/subscriptions/c2397ac1-f8a2-4424-bb35-dc8c93c1a3c7/resourceGroups/LoadBalancer-RG/providers/Microsoft.Resources/deployments/CreateVm-Canonical.UbuntuServer-18.04-LTS-20200603180900/operations/2C82425E6DFEB226",
    "operationId": "2C82425E6DFEB226",
    "properties": {
      "provisioningOperation": "Create",
      "provisioningState": "Succeeded",
      "timestamp": "2020-06-03T12:40:16.0863206Z",
      "duration": "PT5.2377397S",
      "trackingId": "3379ce73-acd2-4544-b635-4b8631664fa5",
      "statusCode": "OK",
      "targetResource": {
        "id": "/subscriptions/c2397ac1-f8a2-4424-bb35-dc8c93c1a3c7/resourceGroups/LoadBalancer-RG/providers/Microsoft.Network/publicIpAddresses/LBVM3-ip",
        "resourceType": "Microsoft.Network/publicIpAddresses",
        "resourceName": "LBVM3-ip"
      }
    }
  },
  {
    "id": "/subscriptions/c2397ac1-f8a2-4424-bb35-dc8c93c1a3c7/resourceGroups/LoadBalancer-RG/providers/Microsoft.Resources/deployments/CreateVm-Canonical.UbuntuServer-18.04-LTS-20200603180900/operations/08586104188756306534",
    "operationId": "08586104188756306534",
    "properties": {
      "provisioningOperation": "EvaluateDeploymentOutput",
      "provisioningState": "Succeeded",
      "timestamp": "2020-06-03T12:41:27.1467645Z",
      "duration": "PT0.0462804S",
      "trackingId": "a85744c7-c460-4169-8a54-cef4fa9b02e7",
      "statusCode": "OK",
      "statusMessage": null
    }
  }
]