[
  {
    "id": "/subscriptions/c2397ac1-f8a2-4424-bb35-dc8c93c1a3c7/resourceGroups/AZ300RG/providers/Microsoft.Resources/deployments/Microsoft.PublicIPAddress-20200601115754/operations/72F8065A5E9FE6F4",
    "operationId": "72F8065A5E9FE6F4",
    "properties": {
      "provisioningOperation": "Create",
      "provisioningState": "Succeeded",
      "timestamp": "2020-06-01T06:28:24.5742738Z",
      "duration": "PT20.1933614S",
      "trackingId": "c534e7c2-e5e7-47a1-9cc2-decd4a8de925",
      "statusCode": "OK",
      "targetResource": {
        "id": "/subscriptions/c2397ac1-f8a2-4424-bb35-dc8c93c1a3c7/resourceGroups/AZ300RG/providers/Microsoft.Network/publicIPAddresses/pvwPublicIP",
        "resourceType": "Microsoft.Network/publicIPAddresses",
        "resourceName": "pvwPublicIP"
      }
    }
  },
  {
    "id": "/subscriptions/c2397ac1-f8a2-4424-bb35-dc8c93c1a3c7/resourceGroups/AZ300RG/providers/Microsoft.Resources/deployments/Microsoft.PublicIPAddress-20200601115754/operations/08586106140067861372",
    "operationId": "08586106140067861372",
    "properties": {
      "provisioningOperation": "EvaluateDeploymentOutput",
      "provisioningState": "Succeeded",
      "timestamp": "2020-06-01T06:28:24.6797381Z",
      "duration": "PT0.0486743S",
      "trackingId": "ebe9bc68-eade-464f-9a39-5affcecf11f8",
      "statusCode": "OK",
      "statusMessage": null
    }
  }
]