{
  "id": "/subscriptions/c2397ac1-f8a2-4424-bb35-dc8c93c1a3c7/resourceGroups/AZ300RG/providers/Microsoft.Resources/deployments/Microsoft.PublicIPAddress-20200601115754",
  "name": "Microsoft.PublicIPAddress-20200601115754",
  "type": "Microsoft.Resources/deployments",
  "tags": {
    "primaryResourceId": "/subscriptions/c2397ac1-f8a2-4424-bb35-dc8c93c1a3c7/resourcegroups/AZ300RG/providers/Microsoft.Network/publicIpAddresses/pvwPublicIP",
    "marketplaceItemId": "Microsoft.PublicIPAddress-ARM"
  },
  "properties": {
    "templateHash": "2876196849219931885",
    "parameters": {
      "name": {
        "type": "String",
        "value": "pvwPublicIP"
      },
      "location": {
        "type": "String",
        "value": "westindia"
      },
      "sku": {
        "type": "String",
        "value": "Basic"
      },
      "publicIPAllocationMethod": {
        "type": "String",
        "value": "Dynamic"
      },
      "idleTimeoutInMinutes": {
        "type": "Int",
        "value": 4
      },
      "domainNameLabel": {
        "type": "String",
        "value": "pvwpublicip"
      },
      "publicIpAddressVersion": {
        "type": "String",
        "value": "IPv4"
      }
    },
    "mode": "Incremental",
    "debugSetting": {
      "detailLevel": "None"
    },
    "provisioningState": "Succeeded",
    "timestamp": "2020-06-01T06:28:24.7012798Z",
    "duration": "PT26.0097922S",
    "correlationId": "18adccd7-68d6-4af7-81eb-7400b38d80a7",
    "providers": [
      {
        "namespace": "Microsoft.Network",
        "resourceTypes": [
          {
            "resourceType": "publicIPAddresses",
            "locations": [
              "westindia"
            ]
          }
        ]
      }
    ],
    "dependencies": [],
    "outputResources": [
      {
        "id": "/subscriptions/c2397ac1-f8a2-4424-bb35-dc8c93c1a3c7/resourceGroups/AZ300RG/providers/Microsoft.Network/publicIPAddresses/pvwPublicIP"
      }
    ],
    "validationLevel": "Template"
  }
}