{
  "id": "/subscriptions/c2397ac1-f8a2-4424-bb35-dc8c93c1a3c7/resourceGroups/LogicAppRG/providers/Microsoft.Resources/deployments/NoMarketplace",
  "name": "NoMarketplace",
  "type": "Microsoft.Resources/deployments",
  "tags": {
    "primaryResourceId": "/subscriptions/c2397ac1-f8a2-4424-bb35-dc8c93c1a3c7/resourceGroups/LogicAppRG/providers/Microsoft.ServiceBus/namespaces/pvwNewsServiceBus",
    "marketplaceItemId": ""
  },
  "properties": {
    "templateHash": "18393197529280839410",
    "parameters": {
      "name": {
        "type": "String",
        "value": "pvwNewsServiceBus"
      },
      "location": {
        "type": "String",
        "value": "westus"
      },
      "skuName": {
        "type": "String",
        "value": "Basic"
      },
      "skuTier": {
        "type": "String",
        "value": "Basic"
      },
      "skuCapacity": {
        "type": "Int",
        "value": 1
      },
      "zoneRedundant": {
        "type": "Bool",
        "value": false
      },
      "tags": {
        "type": "Object",
        "value": {}
      }
    },
    "mode": "Incremental",
    "debugSetting": {
      "detailLevel": "None"
    },
    "provisioningState": "Running",
    "timestamp": "2020-06-03T10:46:18.4155712Z",
    "duration": "PT15.7163081S",
    "correlationId": "322ea3c0-ea33-43be-b02a-8c808eff1bf2",
    "providers": [
      {
        "namespace": "Microsoft.ServiceBus",
        "resourceTypes": [
          {
            "resourceType": "namespaces",
            "locations": [
              "westus"
            ]
          }
        ]
      }
    ],
    "dependencies": [],
    "validationLevel": "Template"
  }
}