[
  {
    "id": "/subscriptions/c2397ac1-f8a2-4424-bb35-dc8c93c1a3c7/resourceGroups/LogicAppRG/providers/Microsoft.Resources/deployments/NoMarketplace/operations/20BB8FEDE4C3AC83",
    "operationId": "20BB8FEDE4C3AC83",
    "properties": {
      "provisioningOperation": "Create",
      "provisioningState": "Running",
      "timestamp": "2020-06-03T10:46:18.526782Z",
      "duration": "PT10.5706413S",
      "trackingId": "9a48577c-0dad-472c-a94e-dc681e072738",
      "statusCode": "OK",
      "targetResource": {
        "id": "/subscriptions/c2397ac1-f8a2-4424-bb35-dc8c93c1a3c7/resourceGroups/LogicAppRG/providers/Microsoft.ServiceBus/namespaces/pvwNewsServiceBus",
        "resourceType": "Microsoft.ServiceBus/namespaces",
        "resourceName": "pvwNewsServiceBus"
      }
    }
  }
]