{
  "id": "/subscriptions/c2397ac1-f8a2-4424-bb35-dc8c93c1a3c7/resourceGroups/AZ300RG/providers/Microsoft.Resources/deployments/Microsoft.VirtualNetwork-20200601173730",
  "name": "Microsoft.VirtualNetwork-20200601173730",
  "type": "Microsoft.Resources/deployments",
  "tags": {
    "primaryResourceId": "/subscriptions/c2397ac1-f8a2-4424-bb35-dc8c93c1a3c7/resourceGroups/AZ300RG/providers/Microsoft.Network/virtualNetworks/Vnet1",
    "marketplaceItemId": "Microsoft.VirtualNetwork"
  },
  "properties": {
    "templateHash": "16728028585014497516",
    "parameters": {
      "location": {
        "type": "String",
        "value": "westindia"
      },
      "virtualNetworkName": {
        "type": "String",
        "value": "Vnet1"
      },
      "resourceGroup": {
        "type": "String",
        "value": "AZ300RG"
      },
      "addressSpaces": {
        "type": "Array",
        "value": [
          "10.0.0.0/16"
        ]
      },
      "ipv6Enabled": {
        "type": "Bool",
        "value": false
      },
      "subnetCount": {
        "type": "Int",
        "value": 1
      },
      "subnet0_name": {
        "type": "String",
        "value": "Vnet1-Subnet"
      },
      "subnet0_addressRange": {
        "type": "String",
        "value": "10.0.0.0/24"
      },
      "ddosProtectionPlanEnabled": {
        "type": "Bool",
        "value": false
      },
      "firewallEnabled": {
        "type": "Bool",
        "value": false
      },
      "bastionEnabled": {
        "type": "Bool",
        "value": false
      }
    },
    "mode": "Incremental",
    "debugSetting": {
      "detailLevel": "None"
    },
    "provisioningState": "Running",
    "timestamp": "2020-06-01T12:09:40.4178324Z",
    "duration": "PT13.7038064S",
    "correlationId": "b0a590ac-daf1-4bf2-acd1-acae26820cd7",
    "providers": [
      {
        "namespace": "Microsoft.Network",
        "resourceTypes": [
          {
            "resourceType": "VirtualNetworks",
            "locations": [
              "westindia"
            ]
          }
        ]
      }
    ],
    "dependencies": [],
    "validationLevel": "Template"
  }
}