{
  "id": "/subscriptions/c2397ac1-f8a2-4424-bb35-dc8c93c1a3c7/resourceGroups/AZ300-RG/providers/Microsoft.Resources/deployments/NoMarketplace",
  "name": "NoMarketplace",
  "type": "Microsoft.Resources/deployments",
  "tags": {
    "primaryResourceId": "/subscriptions/c2397ac1-f8a2-4424-bb35-dc8c93c1a3c7/resourceGroups/AZ300-RG/providers/Microsoft.ServiceBus/namespaces/pvwServiceBus",
    "marketplaceItemId": ""
  },
  "properties": {
    "templateHash": "18393197529280839410",
    "parameters": {
      "name": {
        "type": "String",
        "value": "pvwServiceBus"
      },
      "location": {
        "type": "String",
        "value": "westindia"
      },
      "skuName": {
        "type": "String",
        "value": "Standard"
      },
      "skuTier": {
        "type": "String",
        "value": "Standard"
      },
      "skuCapacity": {
        "type": "Int",
        "value": 1
      },
      "zoneRedundant": {
        "type": "Bool",
        "value": false
      },
      "tags": {
        "type": "Object",
        "value": {}
      }
    },
    "mode": "Incremental",
    "debugSetting": {
      "detailLevel": "None"
    },
    "provisioningState": "Succeeded",
    "timestamp": "2020-06-12T10:05:50.0256502Z",
    "duration": "PT54.8947853S",
    "correlationId": "a0eb6567-fc46-45f8-911f-97567c4ba08d",
    "providers": [
      {
        "namespace": "Microsoft.ServiceBus",
        "resourceTypes": [
          {
            "resourceType": "namespaces",
            "locations": [
              "westindia"
            ]
          }
        ]
      }
    ],
    "dependencies": [],
    "outputResources": [
      {
        "id": "/subscriptions/c2397ac1-f8a2-4424-bb35-dc8c93c1a3c7/resourceGroups/AZ300-RG/providers/Microsoft.ServiceBus/namespaces/pvwServiceBus"
      }
    ],
    "validationLevel": "Template"
  }
}