[
  {
    "id": "/subscriptions/c2397ac1-f8a2-4424-bb35-dc8c93c1a3c7/resourceGroups/AZ300-RG/providers/Microsoft.Resources/deployments/NoMarketplace/operations/F58E55626848F13B",
    "operationId": "F58E55626848F13B",
    "properties": {
      "provisioningOperation": "Create",
      "provisioningState": "Succeeded",
      "timestamp": "2020-06-12T10:05:49.9418915Z",
      "duration": "PT54.1109756S",
      "trackingId": "d61074a5-2cca-4325-b9d8-d6f95f56f1b0",
      "statusCode": "OK",
      "targetResource": {
        "id": "/subscriptions/c2397ac1-f8a2-4424-bb35-dc8c93c1a3c7/resourceGroups/AZ300-RG/providers/Microsoft.ServiceBus/namespaces/pvwServiceBus",
        "resourceType": "Microsoft.ServiceBus/namespaces",
        "resourceName": "pvwServiceBus"
      }
    }
  },
  {
    "id": "/subscriptions/c2397ac1-f8a2-4424-bb35-dc8c93c1a3c7/resourceGroups/AZ300-RG/providers/Microsoft.Resources/deployments/NoMarketplace/operations/08586096505903467479",
    "operationId": "08586096505903467479",
    "properties": {
      "provisioningOperation": "EvaluateDeploymentOutput",
      "provisioningState": "Succeeded",
      "timestamp": "2020-06-12T10:05:50.0092523Z",
      "duration": "PT0.0340011S",
      "trackingId": "f99eeef0-ab47-4aa4-bff2-283fb248c637",
      "statusCode": "OK",
      "statusMessage": null
    }
  }
]