{
  "id": "/subscriptions/c2397ac1-f8a2-4424-bb35-dc8c93c1a3c7/resourceGroups/AZ300RG/providers/Microsoft.Resources/deployments/Microsoft.RouteTable-20200601121319",
  "name": "Microsoft.RouteTable-20200601121319",
  "type": "Microsoft.Resources/deployments",
  "tags": {
    "primaryResourceId": "/subscriptions/c2397ac1-f8a2-4424-bb35-dc8c93c1a3c7/resourcegroups/AZ300RG/providers/Microsoft.Network/routeTables/pvwRouteTable",
    "marketplaceItemId": "Microsoft.RouteTable-ARM"
  },
  "properties": {
    "templateHash": "5035112643735425565",
    "parameters": {
      "location": {
        "type": "String",
        "value": "westindia"
      },
      "name": {
        "type": "String",
        "value": "pvwRouteTable"
      },
      "disableBgpRoutePropagation": {
        "type": "String",
        "value": "false"
      }
    },
    "mode": "Incremental",
    "debugSetting": {
      "detailLevel": "None"
    },
    "provisioningState": "Succeeded",
    "timestamp": "2020-06-01T06:44:01.0690789Z",
    "duration": "PT36.0718354S",
    "correlationId": "d4c4137a-818d-427d-a04d-2b4a7280f9ae",
    "providers": [
      {
        "namespace": "Microsoft.Network",
        "resourceTypes": [
          {
            "resourceType": "routeTables",
            "locations": [
              "westindia"
            ]
          }
        ]
      }
    ],
    "dependencies": [],
    "outputResources": [
      {
        "id": "/subscriptions/c2397ac1-f8a2-4424-bb35-dc8c93c1a3c7/resourceGroups/AZ300RG/providers/Microsoft.Network/routeTables/pvwRouteTable"
      }
    ],
    "validationLevel": "Template"
  }
}