[
  {
    "id": "/subscriptions/c2397ac1-f8a2-4424-bb35-dc8c93c1a3c7/resourceGroups/AZ300RG/providers/Microsoft.Resources/deployments/Microsoft.RouteTable-20200601121319/operations/FB0F3B99C12C955D",
    "operationId": "FB0F3B99C12C955D",
    "properties": {
      "provisioningOperation": "Create",
      "provisioningState": "Running",
      "timestamp": "2020-06-01T06:43:39.5244303Z",
      "duration": "PT9.3155302S",
      "trackingId": "c074d908-66bd-4846-a8f7-9d5accb6f151",
      "statusCode": "Created",
      "targetResource": {
        "id": "/subscriptions/c2397ac1-f8a2-4424-bb35-dc8c93c1a3c7/resourceGroups/AZ300RG/providers/Microsoft.Network/routeTables/pvwRouteTable",
        "resourceType": "Microsoft.Network/routeTables",
        "resourceName": "pvwRouteTable"
      }
    }
  }
]