{
  "id": "/subscriptions/c2397ac1-f8a2-4424-bb35-dc8c93c1a3c7/resourceGroups/AZ300-Vnet-RG/providers/Microsoft.Resources/deployments/Microsoft.VirtualNetworkGateway-20200610191551",
  "name": "Microsoft.VirtualNetworkGateway-20200610191551",
  "type": "Microsoft.Resources/deployments",
  "tags": {
    "primaryResourceId": "/subscriptions/c2397ac1-f8a2-4424-bb35-dc8c93c1a3c7/resourceGroups/AZ300-Vnet-RG/providers/Microsoft.Network/virtualNetworkGateways/ClientGatewaynew",
    "marketplaceItemId": "Microsoft.VirtualNetworkGateway-ARM"
  },
  "properties": {
    "templateHash": "4527642247420912369",
    "parameters": {
      "name": {
        "type": "String",
        "value": "ClientGatewaynew"
      },
      "location": {
        "type": "String",
        "value": "westindia"
      },
      "sku": {
        "type": "String",
        "value": "VpnGw1"
      },
      "gatewayType": {
        "type": "String",
        "value": "Vpn"
      },
      "vpnGatewayGeneration": {
        "type": "String",
        "value": "Generation1"
      },
      "vpnType": {
        "type": "String",
        "value": "RouteBased"
      },
      "subnetId": {
        "type": "String",
        "value": "/subscriptions/c2397ac1-f8a2-4424-bb35-dc8c93c1a3c7/resourceGroups/AZ300-Vnet-RG/providers/Microsoft.Network/virtualNetworks/VnetA/subnets/GatewaySubnet"
      },
      "newPublicIpAddressName": {
        "type": "String",
        "value": "ClientGatewayPublicIPnew"
      }
    },
    "mode": "Incremental",
    "debugSetting": {
      "detailLevel": "None"
    },
    "provisioningState": "Running",
    "timestamp": "2020-06-10T13:48:00.4231596Z",
    "duration": "PT0.7745523S",
    "correlationId": "5b993b0e-ccca-4edd-a6ab-de7ea57fafd2",
    "providers": [
      {
        "namespace": "Microsoft.Network",
        "resourceTypes": [
          {
            "resourceType": "virtualNetworkGateways",
            "locations": [
              "westindia"
            ]
          },
          {
            "resourceType": "publicIPAddresses",
            "locations": [
              "westindia"
            ]
          }
        ]
      }
    ],
    "dependencies": [
      {
        "dependsOn": [
          {
            "id": "/subscriptions/c2397ac1-f8a2-4424-bb35-dc8c93c1a3c7/resourceGroups/AZ300-Vnet-RG/providers/Microsoft.Network/publicIPAddresses/ClientGatewayPublicIPnew",
            "resourceType": "Microsoft.Network/publicIPAddresses",
            "resourceName": "ClientGatewayPublicIPnew"
          }
        ],
        "id": "/subscriptions/c2397ac1-f8a2-4424-bb35-dc8c93c1a3c7/resourceGroups/AZ300-Vnet-RG/providers/Microsoft.Network/virtualNetworkGateways/ClientGatewaynew",
        "resourceType": "Microsoft.Network/virtualNetworkGateways",
        "resourceName": "ClientGatewaynew"
      }
    ],
    "validationLevel": "Template"
  }
}